customer_index,predicted_probability,predicted_label,confidence_band,actual_label
14455,0.3248,0,medium,0
36380,0.8283,1,high,0
40076,0.9496,1,high,0
10778,0.1388,0,low,0
27939,0.8815,1,high,0
37546,0.66,1,high,0
27310,0.3996,0,medium,0
8377,0.18,0,low,0
40138,0.8984,1,high,1
20148,0.3749,0,medium,0
37959,0.6733,1,high,0
16213,0.2807,0,low,0
28763,0.573,0,medium,0
24077,0.7527,1,high,0
7334,0.1426,0,low,0
7324,0.2076,0,low,0
39198,0.949,1,high,1
7690,0.0444,0,low,0
8046,0.1129,0,low,0
38884,0.7535,1,high,1
6010,0.1419,0,low,0
40450,0.9839,1,high,1
7180,0.0994,0,low,0
13773,0.0451,0,low,0
28139,0.5631,0,medium,0
2061,0.0821,0,low,0
5755,0.1009,0,low,0
33233,0.3518,0,medium,0
24189,0.1483,0,low,0
35903,0.5731,0,medium,0
24169,0.1782,0,low,0
11580,0.0994,0,low,0
2521,0.1944,0,low,0
33403,0.4868,0,medium,0
1264,0.122,0,low,0
5682,0.0253,0,low,0
1325,0.215,0,low,0
21894,0.2474,0,low,0
23920,0.0489,0,low,0
26259,0.4926,0,medium,0
16678,0.1211,0,low,0
13397,0.3189,0,medium,0
10224,0.0138,0,low,0
20509,0.2561,0,low,0
8505,0.1703,0,low,0
5446,0.0988,0,low,0
9855,0.2437,0,low,0
3923,0.1201,0,low,0
24697,0.1762,0,low,0
7063,0.1189,0,low,0
7409,0.1727,0,low,0
4362,0.25,0,low,0
658,0.1899,0,low,0
9248,0.2164,0,low,0
25232,0.1202,0,low,0
33339,0.1077,0,low,0
8713,0.1694,0,low,0
1432,0.0912,0,low,0
6977,0.1355,0,low,0
5193,0.1069,0,low,0
16161,0.0181,0,low,0
5259,0.2176,0,low,0
4484,0.1042,0,low,0
25802,0.179,0,low,0
33437,0.4679,0,medium,0
18209,0.2701,0,low,0
39307,0.7015,1,high,0
13228,0.2949,0,low,0
3114,0.1697,0,low,0
19395,0.2379,0,low,0
23903,0.2588,0,low,0
23549,0.3074,0,medium,0
3237,0.2352,0,low,0
26683,0.393,0,medium,0
11975,0.2046,0,low,0
19120,0.4995,0,medium,0
30880,0.431,0,medium,0
35851,0.7986,1,high,0
28008,0.7423,1,high,1
7875,0.0785,0,low,0
41119,0.9138,1,high,1
29878,0.4145,0,medium,0
40397,0.6552,1,high,0
6543,0.1116,0,low,0
37278,0.2925,0,low,0
22512,0.1707,0,low,0
30088,0.1232,0,low,0
40670,0.9605,1,high,1
16326,0.1683,0,low,1
10326,0.2025,0,low,0
28129,0.291,0,low,0
31146,0.1004,0,low,0
33486,0.3301,0,medium,0
32012,0.31,0,medium,0
9827,0.3299,0,medium,0
16163,0.3596,0,medium,0
28806,0.6601,1,high,0
38010,0.8281,1,high,0
26933,0.1403,0,low,1
17323,0.1308,0,low,0
39983,0.9301,1,high,1
18043,0.1092,0,low,0
20487,0.4611,0,medium,0
25437,0.3542,0,medium,0
37582,0.8052,1,high,1
268,0.1465,0,low,0
24324,0.1675,0,low,0
14824,0.4348,0,medium,0
24214,0.0995,0,low,1
128,0.1675,0,low,0
32067,0.1014,0,low,0
2966,0.1993,0,low,0
30195,0.8254,1,high,1
5729,0.0952,0,low,0
17502,0.0668,0,low,0
1940,0.0934,0,low,0
2679,0.0966,0,low,0
25881,0.3547,0,medium,0
17664,0.3074,0,medium,0
30307,0.9502,1,high,0
7204,0.2378,0,low,0
35072,0.1065,0,low,1
23091,0.1964,0,low,0
18682,0.0743,0,low,0
1570,0.1877,0,low,0
446,0.1095,0,low,1
16556,0.2727,0,low,0
38431,0.9794,1,high,1
34437,0.4948,0,medium,0
6386,0.1004,0,low,0
160,0.2828,0,low,0
17288,0.2874,0,low,0
27350,0.2559,0,low,0
21944,0.0982,0,low,0
17308,0.0778,0,low,0
5560,0.1929,0,low,0
13834,0.3596,0,medium,1
4898,0.0771,0,low,0
34687,0.4684,0,medium,0
14654,0.2488,0,low,0
36998,0.7949,1,high,0
25645,0.2156,0,low,0
23454,0.2741,0,low,0
4254,0.1302,0,low,0
13628,0.2611,0,low,0
7368,0.2235,0,low,0
4622,0.098,0,low,0
11500,0.2108,0,low,0
14630,0.2399,0,low,0
34920,0.5071,0,medium,0
40954,0.9724,1,high,1
1598,0.0735,0,low,0
1562,0.1116,0,low,0
975,0.1128,0,low,0
40040,0.9698,1,high,0
3882,0.1309,0,low,0
22511,0.1596,0,low,0
1090,0.106,0,low,0
10675,0.1743,0,low,0
17159,0.4392,0,medium,0
10232,0.3114,0,medium,0
36848,0.7474,1,high,0
37930,0.7476,1,high,0
41112,0.6807,1,high,0
7802,0.1874,0,low,0
27435,0.3434,0,medium,0
22392,0.2404,0,low,0
26625,0.2312,0,low,0
4604,0.1897,0,low,0
14886,0.2327,0,low,0
41071,0.7514,1,high,0
16686,0.1454,0,low,0
28700,0.2419,0,low,0
30482,0.6772,1,high,0
1126,0.1443,0,low,0
31220,0.2286,0,low,0
28185,0.6306,0,medium,0
18611,0.2467,0,low,0
9850,0.2022,0,low,0
31346,0.3768,0,medium,0
36459,0.6994,1,high,0
10942,0.2947,0,low,0
25354,0.2191,0,low,0
6167,0.1398,0,low,0
40083,0.9032,1,high,1
9823,0.1816,0,low,0
13509,0.3448,0,medium,0
9371,0.1616,0,low,0
25030,0.2416,0,low,0
6903,0.1636,0,low,0
22163,0.1826,0,low,0
8120,0.1399,0,low,0
32031,0.2123,0,low,1
21424,0.2887,0,low,0
15255,0.3325,0,medium,0
35587,0.197,0,low,0
289,0.1817,0,low,0
33134,0.4393,0,medium,0
26622,0.1917,0,low,1
19511,0.1655,0,low,0
28514,0.4631,0,medium,0
13906,0.3332,0,medium,0
17070,0.2511,0,low,1
24493,0.3087,0,medium,0
3425,0.2224,0,low,0
15567,0.4538,0,medium,0
20903,0.1668,0,low,0
31757,0.2995,0,low,0
13378,0.0863,0,low,0
5395,0.1627,0,low,0
4894,0.2239,0,low,0
18226,0.2147,0,low,0
12392,0.0043,0,low,0
8711,0.2319,0,low,0
31191,0.3234,0,medium,0
13818,0.2348,0,low,0
39572,0.9476,1,high,0
627,0.2004,0,low,0
24430,0.1646,0,low,0
25265,0.2757,0,low,0
38447,0.8979,1,high,1
25378,0.1593,0,low,0
24542,0.1769,0,low,0
13686,0.3722,0,medium,0
12324,0.1569,0,low,0
14990,0.4413,0,medium,0
19114,0.5272,0,medium,0
37629,0.5006,0,medium,0
34399,0.3668,0,medium,1
24136,0.1563,0,low,0
21559,0.1676,0,low,0
39743,0.8794,1,high,0
1796,0.151,0,low,0
8100,0.3181,0,medium,0
9052,0.2585,0,low,0
16155,0.3514,0,medium,0
10616,0.2003,0,low,0
22738,0.4014,0,medium,0
6263,0.1615,0,low,0
18221,0.4394,0,medium,0
16432,0.1566,0,low,0
11868,0.169,0,low,0
39425,0.6066,0,medium,0
38069,0.791,1,high,1
2579,0.1092,0,low,0
33820,0.3219,0,medium,0
21529,0.2943,0,low,0
26810,0.2592,0,low,0
4098,0.1531,0,low,0
25710,0.2939,0,low,0
3570,0.2533,0,low,1
34357,0.1667,0,low,0
31066,0.198,0,low,0
28498,0.7733,1,high,1
26760,0.1341,0,low,0
5594,0.0715,0,low,0
22091,0.2698,0,low,0
36867,0.6598,1,high,1
10301,0.2836,0,low,0
5094,0.1023,0,low,0
12436,0.2418,0,low,0
20296,0.3197,0,medium,1
37918,0.9436,1,high,0
6924,0.1073,0,low,0
25228,0.1778,0,low,0
18543,0.0451,0,low,0
38902,0.6593,1,high,0
5044,0.2772,0,low,0
24744,0.1504,0,low,0
5769,0.1271,0,low,0
22268,0.2345,0,low,0
6607,0.2826,0,low,0
12839,0.2465,0,low,0
16757,0.0035,0,low,0
2747,0.2199,0,low,0
17545,0.1463,0,low,0
9907,0.2921,0,low,1
6130,0.1017,0,low,0
14413,0.2532,0,low,0
37516,0.817,1,high,0
32587,0.2587,0,low,0
9547,0.0683,0,low,1
23992,0.2004,0,low,0
16914,0.4347,0,medium,0
24906,0.1243,0,low,0
37902,0.8088,1,high,0
19233,0.3306,0,medium,0
30697,0.2991,0,low,0
33402,0.2316,0,low,0
34225,0.3219,0,medium,0
36756,0.8341,1,high,0
27503,0.344,0,medium,0
2122,0.0948,0,low,0
28725,0.8172,1,high,0
31921,0.2684,0,low,0
37741,0.6977,1,high,0
22629,0.2445,0,low,0
9354,0.1307,0,low,0
19432,0.5066,0,medium,0
34544,0.3853,0,medium,0
17992,0.4687,0,medium,0
40116,0.9066,1,high,1
17696,0.2225,0,low,0
9431,0.4547,0,medium,0
24821,0.3838,0,medium,0
11107,0.0336,0,low,0
17981,0.0049,0,low,0
21297,0.1573,0,low,0
32327,0.3009,0,medium,0
7577,0.159,0,low,0
22104,0.3745,0,medium,0
38452,0.9438,1,high,1
5788,0.1098,0,low,0
18395,0.2762,0,low,1
16096,0.2306,0,low,0
20879,0.3342,0,medium,0
16285,0.2021,0,low,0
8064,0.163,0,low,0
31307,0.1876,0,low,1
28877,0.3705,0,medium,0
13738,0.3324,0,medium,0
7183,0.175,0,low,0
11507,0.2845,0,low,0
14196,0.2301,0,low,0
20575,0.394,0,medium,0
29079,0.2986,0,low,0
25472,0.2213,0,low,0
5175,0.2022,0,low,0
7379,0.1308,0,low,0
34887,0.5254,0,medium,1
5295,0.151,0,low,0
8998,0.2067,0,low,0
36614,0.6648,1,high,1
38808,0.832,1,high,1
21735,0.2057,0,low,0
39609,0.8324,1,high,0
21828,0.2952,0,low,0
38781,0.9734,1,high,1
21830,0.2362,0,low,0
3125,0.104,0,low,0
23799,0.2221,0,low,0
19504,0.2398,0,low,0
28001,0.389,0,medium,0
13999,0.4221,0,medium,0
5205,0.2631,0,low,0
26308,0.1925,0,low,0
32150,0.1146,0,low,0
25145,0.3857,0,medium,0
2264,0.2689,0,low,0
30234,0.9075,1,high,1
11212,0.2015,0,low,0
16166,0.2398,0,low,0
5019,0.1573,0,low,0
11084,0.1916,0,low,0
701,0.0619,0,low,0
5841,0.1657,0,low,0
27943,0.8815,1,high,1
22300,0.1967,0,low,0
29720,0.2833,0,low,0
12686,0.1022,0,low,0
10041,0.1585,0,low,0
27285,0.2985,0,low,0
21109,0.323,0,medium,0
6788,0.131,0,low,0
8420,0.1615,0,low,0
22865,0.23,0,low,0
3384,0.1742,0,low,1
19240,0.0837,0,low,0
12558,0.2477,0,low,0
35320,0.367,0,medium,0
6483,0.127,0,low,0
10113,0.259,0,low,0
6025,0.175,0,low,0
34142,0.286,0,low,0
24576,0.1966,0,low,0
25025,0.4169,0,medium,0
1941,0.1879,0,low,0
507,0.2042,0,low,0
18552,0.0399,0,low,0
15011,0.1978,0,low,0
20098,0.1844,0,low,0
29175,0.1949,0,low,0
33439,0.1344,0,low,0
36486,0.6271,0,medium,1
38967,0.922,1,high,1
39333,0.4719,0,medium,1
13800,0.0807,0,low,0
6345,0.0133,0,low,0
34809,0.1085,0,low,0
13137,0.2009,0,low,1
7210,0.109,0,low,0
4039,0.1053,0,low,0
15178,0.346,0,medium,0
30573,0.7706,1,high,1
18239,0.2812,0,low,0
2842,0.2964,0,low,0
29100,0.2059,0,low,0
30447,0.4486,0,medium,0
37142,0.9328,1,high,1
24961,0.105,0,low,0
29872,0.3173,0,medium,0
2788,0.1233,0,low,0
28242,0.409,0,medium,0
7603,0.1272,0,low,0
14959,0.1829,0,low,0
19181,0.5685,0,medium,0
12303,0.1717,0,low,0
2138,0.1272,0,low,0
25189,0.2302,0,low,0
15284,0.2235,0,low,0
3428,0.1087,0,low,0
23602,0.224,0,low,0
30027,0.8663,1,high,1
8844,0.1099,0,low,0
20538,0.4495,0,medium,0
39632,0.4169,0,medium,0
8488,0.2294,0,low,0
23536,0.2143,0,low,0
10528,0.1678,0,low,0
30572,0.61,0,medium,1
6314,0.1678,0,low,0
923,0.191,0,low,0
35151,0.2333,0,low,0
11790,0.2654,0,low,1
38645,0.7969,1,high,0
24741,0.1971,0,low,0
6564,0.1704,0,low,0
36263,0.7266,1,high,0
40686,0.9759,1,high,1
36527,0.8302,1,high,0
569,0.0984,0,low,0
34336,0.374,0,medium,0
19887,0.259,0,low,0
13570,0.4281,0,medium,0
30826,0.2986,0,low,0
6047,0.1753,0,low,0
29321,0.3103,0,medium,0
34723,0.0689,0,low,0
25425,0.0809,0,low,0
31082,0.1747,0,low,0
28495,0.5332,0,medium,1
40133,0.5623,0,medium,0
32434,0.0735,0,low,0
7218,0.3234,0,medium,0
37688,0.6209,0,medium,1
29280,0.6372,0,medium,1
20770,0.3271,0,medium,0
120,0.1016,0,low,0
23752,0.0834,0,low,0
28231,0.4157,0,medium,0
13516,0.27,0,low,0
15108,0.2946,0,low,0
5635,0.0655,0,low,0
8436,0.131,0,low,0
31092,0.4368,0,medium,0
18695,0.0109,0,low,0
4959,0.2237,0,low,0
14350,0.1631,0,low,0
16516,0.1781,0,low,0
6855,0.0757,0,low,0
37607,0.7489,1,high,0
20697,0.1497,0,low,0
32941,0.3743,0,medium,0
7523,0.2674,0,low,0
2205,0.0697,0,low,0
12649,0.1748,0,low,0
14397,0.2804,0,low,0
35111,0.491,0,medium,0
2301,0.0612,0,low,0
37135,0.7475,1,high,0
36551,0.4735,0,medium,1
37296,0.5685,0,medium,0
34193,0.2456,0,low,0
14913,0.2255,0,low,0
39050,0.9383,1,high,0
22647,0.139,0,low,0
26408,0.3563,0,medium,0
3913,0.1542,0,low,0
31309,0.1906,0,low,0
24751,0.1406,0,low,0
14424,0.1688,0,low,1
17266,0.375,0,medium,0
8264,0.2679,0,low,0
622,0.103,0,low,0
36594,0.6998,1,high,0
31561,0.0701,0,low,0
2706,0.1655,0,low,0
14799,0.4152,0,medium,0
23768,0.221,0,low,0
24141,0.238,0,low,0
8361,0.1248,0,low,0
3206,0.1935,0,low,0
28696,0.0669,0,low,1
11410,0.1258,0,low,0
2171,0.1478,0,low,0
25291,0.2834,0,low,0
40037,0.8459,1,high,0
10346,0.2657,0,low,0
14985,0.2223,0,low,0
6099,0.1681,0,low,0
4850,0.1755,0,low,0
39259,0.9263,1,high,1
22742,0.3506,0,medium,0
11647,0.0048,0,low,0
32020,0.2,0,low,0
32959,0.4175,0,medium,0
25256,0.0201,0,low,0
23624,0.0073,0,low,0
38987,0.8664,1,high,1
40044,0.9726,1,high,0
32916,0.4123,0,medium,0
7490,0.0117,0,low,0
32107,0.3586,0,medium,0
24251,0.06,0,low,0
24996,0.168,0,low,0
8373,0.4349,0,medium,0
33630,0.3794,0,medium,0
20528,0.5272,0,medium,0
36934,0.7307,1,high,1
5931,0.2465,0,low,0
26252,0.4361,0,medium,0
39737,0.8758,1,high,0
10702,0.303,0,medium,0
27340,0.1147,0,low,0
13347,0.1699,0,low,0
38728,0.7973,1,high,1
4813,0.1996,0,low,0
37303,0.6785,1,high,0
2499,0.2256,0,low,0
4320,0.1178,0,low,0
16602,0.2918,0,low,0
24899,0.24,0,low,0
27447,0.2096,0,low,0
5508,0.1598,0,low,0
1396,0.1456,0,low,1
5756,0.1279,0,low,0
7002,0.1918,0,low,0
6988,0.221,0,low,0
36353,0.7679,1,high,1
30652,0.1951,0,low,0
18164,0.2066,0,low,0
17261,0.2424,0,low,0
28214,0.7452,1,high,1
24976,0.0761,0,low,0
35079,0.1239,0,low,0
11394,0.0042,0,low,0
36067,0.6565,1,high,0
41091,0.9179,1,high,0
37706,0.7223,1,high,1
5229,0.1619,0,low,0
13629,0.3886,0,medium,0
6665,0.1226,0,low,0
22079,0.2877,0,low,0
13687,0.3586,0,medium,0
24933,0.1914,0,low,0
31526,0.0306,0,low,0
25806,0.2709,0,low,0
18110,0.4847,0,medium,0
33033,0.3445,0,medium,0
5917,0.0538,0,low,0
26425,0.3263,0,medium,0
918,0.1775,0,low,0
4760,0.1529,0,low,0
10102,0.279,0,low,0
5167,0.18,0,low,0
16010,0.3014,0,medium,0
24483,0.2189,0,low,0
4757,0.1686,0,low,0
36324,0.6529,1,high,0
25260,0.0535,0,low,0
11391,0.1989,0,low,0
18324,0.2035,0,low,0
38286,0.5568,0,medium,0
23247,0.0248,0,low,0
37852,0.7683,1,high,0
18096,0.3369,0,medium,0
38869,0.5327,0,medium,0
929,0.0874,0,low,0
10816,0.3659,0,medium,0
7541,0.289,0,low,0
7207,0.0535,0,low,0
21786,0.235,0,low,0
22702,0.2478,0,low,0
25343,0.2017,0,low,0
5187,0.0587,0,low,0
14044,0.2632,0,low,0
1576,0.0863,0,low,0
21246,0.1934,0,low,0
18985,0.0273,0,low,0
40396,0.6504,1,high,0
39330,0.8306,1,high,0
26155,0.2293,0,low,0
8129,0.13,0,low,0
26379,0.4054,0,medium,1
24868,0.1449,0,low,0
1115,0.1151,0,low,0
21040,0.2176,0,low,0
9386,0.119,0,low,0
7413,0.2375,0,low,0
35553,0.4443,0,medium,0
5034,0.1666,0,low,0
15061,0.2708,0,low,0
1172,0.1926,0,low,0
26979,0.3561,0,medium,0
14636,0.4414,0,medium,0
2685,0.2686,0,low,0
24817,0.1979,0,low,0
21623,0.0801,0,low,0
28640,0.0326,0,low,0
35965,0.7111,1,high,0
35811,0.1511,0,low,0
34919,0.1288,0,low,0
6789,0.0435,0,low,0
24951,0.156,0,low,0
37156,0.6451,0,medium,1
11060,0.1977,0,low,0
1755,0.3002,0,medium,0
38760,0.9504,1,high,1
12305,0.2344,0,low,0
9676,0.1519,0,low,0
7617,0.1865,0,low,0
35906,0.5563,0,medium,0
18910,0.0313,0,low,0
20141,0.2583,0,low,0
685,0.1859,0,low,0
20135,0.2618,0,low,0
29701,0.5645,0,medium,0
4875,0.1213,0,low,0
987,0.0694,0,low,0
40318,0.9134,1,high,0
14786,0.2784,0,low,0
19059,0.2246,0,low,0
34779,0.4317,0,medium,0
22271,0.2736,0,low,0
36542,0.886,1,high,1
18793,0.1009,0,low,0
11821,0.1992,0,low,0
27540,0.362,0,medium,0
28773,0.8761,1,high,0
34596,0.4738,0,medium,1
13797,0.3246,0,medium,0
18379,0.216,0,low,0
38714,0.8928,1,high,0
27826,0.7878,1,high,0
20808,0.5652,0,medium,0
21436,0.1501,0,low,0
143,0.1326,0,low,0
3495,0.1356,0,low,0
4767,0.1597,0,low,0
39379,0.8901,1,high,1
34831,0.4694,0,medium,0
14210,0.1738,0,low,0
34843,0.5779,0,medium,0
17279,0.3712,0,medium,0
39957,0.886,1,high,1
13402,0.0496,0,low,0
22752,0.2808,0,low,0
20824,0.2938,0,low,0
7615,0.0793,0,low,0
33514,0.4908,0,medium,0
24809,0.2082,0,low,0
6767,0.1869,0,low,0
3730,0.1732,0,low,0
39719,0.9885,1,high,1
33953,0.3803,0,medium,0
7681,0.2305,0,low,0
32339,0.0826,0,low,0
14994,0.2472,0,low,0
27784,0.8715,1,high,1
14280,0.0832,0,low,0
8630,0.2414,0,low,0
26520,0.3151,0,medium,0
29604,0.2712,0,low,0
18296,0.0533,0,low,0
4791,0.2743,0,low,0
22011,0.1742,0,low,0
6973,0.2337,0,low,0
8118,0.3334,0,medium,0
35552,0.385,0,medium,1
6843,0.0756,0,low,0
14396,0.1993,0,low,0
8859,0.2084,0,low,0
16926,0.4611,0,medium,0
4272,0.1456,0,low,0
35370,0.0578,0,low,0
10592,0.228,0,low,0
7081,0.294,0,low,0
26786,0.4215,0,medium,0
35047,0.3003,0,medium,0
35324,0.5855,0,medium,0
35513,0.0162,0,low,0
39439,0.4447,0,medium,0
5665,0.0712,0,low,0
10158,0.2474,0,low,1
25279,0.2103,0,low,0
9376,0.1731,0,low,0
2541,0.1626,0,low,0
5990,0.3134,0,medium,0
148,0.088,0,low,0
37056,0.7693,1,high,1
3306,0.1728,0,low,0
35088,0.3604,0,medium,0
7209,0.1629,0,low,0
34496,0.4542,0,medium,0
15505,0.4779,0,medium,0
6278,0.2483,0,low,0
27129,0.414,0,medium,0
9445,0.0301,0,low,0
35716,0.1197,0,low,0
22166,0.2227,0,low,0
7959,0.2771,0,low,0
13434,0.1311,0,low,0
29198,0.2929,0,low,0
30067,0.8069,1,high,0
23852,0.1874,0,low,0
14153,0.3724,0,medium,1
32466,0.385,0,medium,0
9210,0.0943,0,low,0
22632,0.2048,0,low,0
37149,0.7835,1,high,0
26153,0.2299,0,low,0
17465,0.3349,0,medium,0
23693,0.032,0,low,0
35300,0.5762,0,medium,0
25892,0.2164,0,low,1
3081,0.207,0,low,0
1195,0.0815,0,low,0
9209,0.034,0,low,0
36838,0.8181,1,high,1
22699,0.1641,0,low,0
14266,0.3417,0,medium,0
2596,0.1399,0,low,0
15703,0.3164,0,medium,0
27731,0.8663,1,high,1
40742,0.9144,1,high,0
36184,0.8792,1,high,0
21582,0.0493,0,low,0
20010,0.5857,0,medium,0
22654,0.2645,0,low,0
24425,0.2362,0,low,0
33211,0.4531,0,medium,0
16094,0.1549,0,low,0
1093,0.1986,0,low,0
34958,0.2288,0,low,0
32179,0.3094,0,medium,0
37049,0.9068,1,high,0
34950,0.3953,0,medium,0
18672,0.2359,0,low,0
6160,0.0697,0,low,0
21071,0.2202,0,low,0
34541,0.5448,0,medium,0
32504,0.3912,0,medium,0
34331,0.4211,0,medium,0
17937,0.2087,0,low,0
21689,0.0993,0,low,0
2023,0.1569,0,low,0
9516,0.1795,0,low,0
40863,0.0671,0,low,0
17443,0.2879,0,low,0
6426,0.1116,0,low,0
24374,0.1995,0,low,0
13722,0.0784,0,low,0
35474,0.1929,0,low,0
12633,0.3185,0,medium,0
26788,0.245,0,low,0
13805,0.0049,0,low,0
18394,0.0138,0,low,1
36281,0.6845,1,high,0
10007,0.1061,0,low,0
19124,0.2821,0,low,0
39171,0.8313,1,high,1
20359,0.3567,0,medium,0
23510,0.2881,0,low,1
23113,0.2875,0,low,0
13496,0.1946,0,low,0
9996,0.2534,0,low,0
21318,0.1564,0,low,0
10198,0.0669,0,low,0
18009,0.1207,0,low,0
10291,0.1977,0,low,0
8212,0.2161,0,low,0
10740,0.2741,0,low,0
38111,0.9412,1,high,1
30236,0.8619,1,high,1
3305,0.0774,0,low,0
2832,0.278,0,low,0
29308,0.3561,0,medium,0
24685,0.151,0,low,0
28118,0.3143,0,medium,0
27069,0.4122,0,medium,0
24237,0.189,0,low,0
4147,0.0928,0,low,0
27315,0.13,0,low,0
35252,0.6003,0,medium,0
33862,0.1659,0,low,0
11416,0.1118,0,low,0
15790,0.3338,0,medium,0
39503,0.7995,1,high,1
34510,0.4536,0,medium,0
22854,0.6078,0,medium,0
39223,0.937,1,high,1
12692,0.3535,0,medium,0
3958,0.1755,0,low,0
23531,0.3404,0,medium,0
11486,0.1393,0,low,0
14629,0.03,0,low,0
32835,0.2814,0,low,0
33513,0.2868,0,low,0
15040,0.2663,0,low,0
12622,0.275,0,low,0
32121,0.1473,0,low,0
21714,0.1163,0,low,0
4173,0.0469,0,low,0
11033,0.0108,0,low,0
29120,0.1488,0,low,0
26037,0.1611,0,low,0
8714,0.3793,0,medium,0
22158,0.3164,0,medium,0
34371,0.433,0,medium,0
22754,0.1877,0,low,0
34867,0.029,0,low,0
4157,0.1107,0,low,0
3509,0.0542,0,low,0
20267,0.3449,0,medium,0
15353,0.551,0,medium,1
20037,0.3924,0,medium,0
40359,0.9741,1,high,1
38736,0.653,1,high,1
38156,0.8588,1,high,0
4256,0.1685,0,low,0
16683,0.1829,0,low,1
6887,0.1169,0,low,0
39734,0.9238,1,high,1
22799,0.1949,0,low,0
5986,0.2083,0,low,0
30137,0.8916,1,high,0
39611,0.9829,1,high,1
26566,0.3578,0,medium,0
29448,0.301,0,medium,0
29126,0.2073,0,low,1
30582,0.4089,0,medium,0
14529,0.2721,0,low,1
26555,0.2483,0,low,0
23589,0.158,0,low,0
39438,0.6585,1,high,1
13664,0.2083,0,low,0
18,0.2497,0,low,0
4716,0.3039,0,medium,0
1523,0.1232,0,low,0
18823,0.2392,0,low,0
40358,0.9753,1,high,1
20733,0.3874,0,medium,1
9,0.1242,0,low,0
1155,0.2201,0,low,0
7040,0.3679,0,medium,0
19303,0.3842,0,medium,0
21811,0.1614,0,low,0
4675,0.2809,0,low,0
30563,0.9592,1,high,0
18261,0.276,0,low,0
26186,0.1624,0,low,0
16616,0.1626,0,low,0
35684,0.2596,0,low,1
38731,0.7687,1,high,0
16042,0.2651,0,low,0
1294,0.1287,0,low,0
920,0.1755,0,low,0
7602,0.2286,0,low,0
33350,0.3998,0,medium,0
13252,0.2532,0,low,0
2310,0.1369,0,low,0
33471,0.2629,0,low,0
38154,0.9163,1,high,1
38164,0.5682,0,medium,0
30068,0.8227,1,high,0
36757,0.4709,0,medium,0
12299,0.3881,0,medium,0
14880,0.4565,0,medium,0
37758,0.9209,1,high,1
13312,0.3351,0,medium,0
38459,0.8474,1,high,0
4307,0.1232,0,low,0
372,0.1759,0,low,0
519,0.1374,0,low,0
30090,0.6857,1,high,0
37150,0.7765,1,high,0
19314,0.2145,0,low,0
9994,0.2894,0,low,0
25780,0.1812,0,low,0
36875,0.5416,0,medium,0
11875,0.1648,0,low,0
787,0.1351,0,low,0
25000,0.3337,0,medium,0
3066,0.1913,0,low,0
29101,0.1191,0,low,0
29224,0.1287,0,low,0
18102,0.215,0,low,0
31283,0.4966,0,medium,0
24760,0.1793,0,low,0
327,0.0986,0,low,0
22829,0.2022,0,low,0
35420,0.312,0,medium,0
8347,0.1514,0,low,0
7335,0.2249,0,low,0
38423,0.9295,1,high,1
10596,0.2931,0,low,0
33319,0.4328,0,medium,0
4395,0.0893,0,low,0
21906,0.1872,0,low,0
36929,0.7982,1,high,0
28451,0.7268,1,high,0
36764,0.8537,1,high,0
1351,0.1542,0,low,0
36377,0.7448,1,high,0
39853,0.8813,1,high,1
23543,0.0258,0,low,0
41092,0.9094,1,high,1
39130,0.5408,0,medium,1
21677,0.2293,0,low,0
14828,0.5256,0,medium,1
5090,0.2637,0,low,0
28752,0.6751,1,high,1
1078,0.0876,0,low,1
37587,0.6242,0,medium,0
13730,0.209,0,low,0
13591,0.2862,0,low,0
39554,0.9064,1,high,1
10746,0.3368,0,medium,0
4463,0.1965,0,low,0
34552,0.3416,0,medium,0
11002,0.3272,0,medium,0
23544,0.2028,0,low,0
24570,0.1889,0,low,0
14155,0.1937,0,low,0
6976,0.0211,0,low,0
5642,0.054,0,low,0
19111,0.1485,0,low,0
4909,0.1345,0,low,0
30051,0.823,1,high,0
29495,0.5741,0,medium,0
2227,0.0515,0,low,0
39843,0.6607,1,high,1
19615,0.2474,0,low,0
38073,0.8156,1,high,0
4950,0.0731,0,low,0
40527,0.1933,0,low,0
31312,0.3749,0,medium,0
35267,0.4675,0,medium,0
10090,0.2196,0,low,0
5076,0.1989,0,low,0
9068,0.1936,0,low,0
29975,0.814,1,high,0
2902,0.2165,0,low,0
4294,0.1249,0,low,1
14929,0.1794,0,low,0
6519,0.1463,0,low,0
27100,0.1074,0,low,0
1797,0.1561,0,low,0
10026,0.264,0,low,0
17425,0.2514,0,low,0
1669,0.2494,0,low,0
1166,0.0858,0,low,1
26993,0.3493,0,medium,0
15172,0.3935,0,medium,0
21285,0.2269,0,low,0
11675,0.0395,0,low,0
11874,0.2809,0,low,0
25130,0.3917,0,medium,0
20540,0.0907,0,low,0
28157,0.5321,0,medium,0
37159,0.5075,0,medium,0
30903,0.1114,0,low,0
2692,0.1765,0,low,0
18587,0.1105,0,low,1
32046,0.2607,0,low,0
1496,0.1547,0,low,0
800,0.1276,0,low,0
10534,0.1771,0,low,0
15627,0.2867,0,low,0
14920,0.165,0,low,0
10637,0.1432,0,low,0
17402,0.3965,0,medium,0
2700,0.3335,0,medium,0
5869,0.0956,0,low,0
23746,0.1304,0,low,0
31292,0.18,0,low,1
19316,0.324,0,medium,0
4552,0.02,0,low,0
31541,0.1432,0,low,0
25541,0.2349,0,low,0
7798,0.23,0,low,0
26456,0.422,0,medium,0
34486,0.5279,0,medium,0
30314,0.8866,1,high,1
27830,0.8392,1,high,0
37108,0.4635,0,medium,1
20440,0.2615,0,low,0
35919,0.5936,0,medium,0
38221,0.6626,1,high,1
20624,0.3226,0,medium,0
8868,0.3134,0,medium,0
23458,0.3867,0,medium,0
40730,0.9174,1,high,1
16596,0.2392,0,low,0
37800,0.7495,1,high,1
9326,0.0118,0,low,0
32687,0.5007,0,medium,0
30807,0.226,0,low,0
28510,0.3465,0,medium,0
40857,0.9208,1,high,0
19596,0.1733,0,low,0
32166,0.1082,0,low,0
7715,0.1493,0,low,0
37057,0.3774,0,medium,0
38263,0.7553,1,high,0
33082,0.2648,0,low,0
20316,0.1493,0,low,0
75,0.0744,0,low,1
5106,0.1912,0,low,0
19102,0.3133,0,medium,0
29438,0.3753,0,medium,0
11603,0.1802,0,low,0
38851,0.7113,1,high,0
6561,0.1129,0,low,0
13848,0.5205,0,medium,0
8681,0.3364,0,medium,0
823,0.2012,0,low,0
13141,0.136,0,low,0
26839,0.3758,0,medium,0
2454,0.1321,0,low,0
11579,0.337,0,medium,0
34393,0.0534,0,low,0
34179,0.2399,0,low,0
25589,0.1997,0,low,0
10954,0.1153,0,low,0
24669,0.1625,0,low,0
11456,0.1872,0,low,0
10206,0.1476,0,low,0
11368,0.1367,0,low,0
30335,0.5368,0,medium,0
2000,0.1227,0,low,0
36018,0.4176,0,medium,0
12008,0.1861,0,low,0
5687,0.2128,0,low,0
34396,0.3676,0,medium,0
37598,0.7065,1,high,0
16748,0.0883,0,low,0
16455,0.0373,0,low,0
15851,0.3055,0,medium,0
21232,0.1557,0,low,0
1688,0.1581,0,low,0
37787,0.8046,1,high,0
31830,0.1226,0,low,0
40713,0.968,1,high,0
28994,0.205,0,low,0
6731,0.1191,0,low,0
9255,0.208,0,low,0
8430,0.2082,0,low,0
2856,0.1859,0,low,0
4752,0.2598,0,low,1
35819,0.1998,0,low,1
29007,0.2997,0,low,0
5265,0.1024,0,low,0
2477,0.166,0,low,0
27297,0.2502,0,low,0
12321,0.1147,0,low,0
24975,0.2489,0,low,0
21352,0.2635,0,low,0
11122,0.085,0,low,0
17519,0.2986,0,low,0
34196,0.5469,0,medium,1
18399,0.1555,0,low,0
21948,0.2472,0,low,0
912,0.1318,0,low,0
37792,0.853,1,high,0
18262,0.3307,0,medium,0
9612,0.0455,0,low,0
14098,0.3436,0,medium,0
37122,0.8177,1,high,1
26219,0.1806,0,low,0
8975,0.3887,0,medium,0
37008,0.7804,1,high,1
17093,0.3589,0,medium,1
37996,0.8828,1,high,1
25519,0.3085,0,medium,1
6787,0.0279,0,low,0
14992,0.0173,0,low,0
23343,0.1588,0,low,0
16786,0.3419,0,medium,0
30929,0.1041,0,low,0
18307,0.1572,0,low,0
30302,0.8539,1,high,1
11061,0.0091,0,low,0
38274,0.9218,1,high,1
8819,0.1086,0,low,0
9821,0.0279,0,low,0
7172,0.0869,0,low,0
13919,0.4254,0,medium,0
19415,0.3668,0,medium,0
31413,0.1252,0,low,0
23844,0.1976,0,low,0
2003,0.0936,0,low,0
34111,0.4386,0,medium,0
32033,0.1718,0,low,0
17203,0.346,0,medium,0
32900,0.0941,0,low,0
24581,0.2103,0,low,0
16530,0.3799,0,medium,0
745,0.1573,0,low,0
23739,0.1355,0,low,0
17779,0.2635,0,low,0
798,0.1399,0,low,0
2114,0.1274,0,low,0
21044,0.2329,0,low,0
14587,0.3913,0,medium,0
24784,0.1965,0,low,0
35444,0.4507,0,medium,0
20931,0.239,0,low,0
30627,0.5443,0,medium,1
23333,0.324,0,medium,0
37194,0.6703,1,high,0
17398,0.104,0,low,0
21753,0.2352,0,low,0
15158,0.2278,0,low,0
7479,0.1706,0,low,0
26427,0.33,0,medium,0
40123,0.9698,1,high,1
11853,0.3147,0,medium,0
18152,0.3806,0,medium,0
20940,0.2084,0,low,0
19107,0.3354,0,medium,0
13144,0.136,0,low,0
30560,0.6523,1,high,0
27414,0.5047,0,medium,0
36990,0.8428,1,high,0
40740,0.9193,1,high,1
30586,0.6366,0,medium,1
2149,0.0469,0,low,0
6592,0.152,0,low,0
19493,0.0853,0,low,0
19138,0.4054,0,medium,0
14478,0.3953,0,medium,0
29947,0.1221,0,low,0
27085,0.3856,0,medium,1
19642,0.2007,0,low,0
570,0.1242,0,low,0
30987,0.3242,0,medium,0
12012,0.1767,0,low,0
29552,0.3461,0,medium,0
35871,0.5522,0,medium,1
9570,0.1127,0,low,0
8476,0.2271,0,low,0
7165,0.2059,0,low,0
18572,0.3095,0,medium,0
27363,0.3656,0,medium,0
21334,0.2975,0,low,0
24638,0.1668,0,low,0
4998,0.0115,0,low,0
29340,0.511,0,medium,0
25938,0.2603,0,low,0
9876,0.2297,0,low,0
8616,0.4239,0,medium,0
21397,0.0637,0,low,0
34730,0.7989,1,high,1
10420,0.1257,0,low,0
203,0.1312,0,low,0
17280,0.1315,0,low,0
13261,0.2257,0,low,0
26328,0.2078,0,low,0
24070,0.6514,1,high,0
28494,0.5332,0,medium,0
11540,0.2653,0,low,0
19145,0.3745,0,medium,0
19214,0.296,0,low,0
17181,0.0695,0,low,1
16699,0.1792,0,low,0
15323,0.0957,0,low,0
15315,0.3325,0,medium,0
31179,0.3628,0,medium,0
22431,0.2811,0,low,0
3815,0.1687,0,low,0
9626,0.1585,0,low,0
1429,0.1156,0,low,0
10672,0.1956,0,low,0
11796,0.02,0,low,0
40927,0.9436,1,high,1
24694,0.1437,0,low,1
5407,0.135,0,low,0
23774,0.2521,0,low,0
25035,0.1544,0,low,0
34041,0.3794,0,medium,0
17811,0.3645,0,medium,0
27432,0.2743,0,low,0
1176,0.039,0,low,0
26811,0.1406,0,low,0
3653,0.277,0,low,0
34174,0.2016,0,low,0
7672,0.1649,0,low,0
19787,0.2443,0,low,0
33433,0.4569,0,medium,1
31136,0.4093,0,medium,0
11395,0.2183,0,low,0
24603,0.0945,0,low,0
25017,0.1113,0,low,0
25976,0.4141,0,medium,0
37683,0.7942,1,high,1
753,0.126,0,low,0
9440,0.2029,0,low,0
40798,0.8824,1,high,1
22366,0.1814,0,low,0
39038,0.5118,0,medium,0
14488,0.2947,0,low,0
20253,0.2651,0,low,0
15679,0.3173,0,medium,0
25055,0.1389,0,low,0
36350,0.784,1,high,1
12890,0.2673,0,low,0
7191,0.081,0,low,0
35530,0.2806,0,low,0
38569,0.8542,1,high,1
32891,0.672,1,high,0
14228,0.1878,0,low,0
37759,0.6901,1,high,0
39337,0.9161,1,high,1
21929,0.1694,0,low,0
18371,0.003,0,low,0
3336,0.1846,0,low,0
21319,0.2978,0,low,0
9663,0.2704,0,low,0
28094,0.1547,0,low,0
8756,0.1256,0,low,0
5676,0.085,0,low,0
9781,0.2942,0,low,0
16009,0.2962,0,low,0
11493,0.0195,0,low,0
16754,0.2669,0,low,0
37344,0.7602,1,high,0
25798,0.2559,0,low,0
24082,0.7296,1,high,0
18435,0.2609,0,low,0
18284,0.0554,0,low,1
19851,0.172,0,low,0
37998,0.9157,1,high,1
23658,0.1653,0,low,0
20929,0.2978,0,low,0
18177,0.1623,0,low,0
26907,0.4483,0,medium,0
11691,0.1617,0,low,0
28066,0.7845,1,high,0
5206,0.1925,0,low,0
5790,0.0676,0,low,0
27630,0.1195,0,low,0
31973,0.1355,0,low,0
36508,0.8375,1,high,0
27132,0.3442,0,medium,0
6441,0.1518,0,low,0
28630,0.3672,0,medium,0
20153,0.2926,0,low,0
34830,0.4242,0,medium,0
28911,0.4135,0,medium,0
7299,0.1687,0,low,0
9452,0.1392,0,low,0
37269,0.7237,1,high,0
9936,0.1167,0,low,0
27387,0.2175,0,low,0
14673,0.3458,0,medium,0
33008,0.1086,0,low,0
3494,0.0192,0,low,0
19599,0.3311,0,medium,0
15965,0.1312,0,low,0
27395,0.2881,0,low,0
7881,0.1456,0,low,1
8655,0.3422,0,medium,0
821,0.1684,0,low,0
14330,0.0973,0,low,0
7381,0.2133,0,low,0
31297,0.2024,0,low,0
21021,0.2564,0,low,0
28675,0.5842,0,medium,0
24084,0.4906,0,medium,0
9897,0.2077,0,low,0
28847,0.2829,0,low,0
32381,0.1491,0,low,0
6224,0.1591,0,low,0
16845,0.1423,0,low,0
37040,0.6411,0,medium,1
33871,0.2181,0,low,0
40739,0.8321,1,high,0
31907,0.1888,0,low,0
26658,0.2183,0,low,0
19079,0.3114,0,medium,0
26195,0.2687,0,low,0
21717,0.0937,0,low,0
34075,0.4647,0,medium,0
16258,0.4726,0,medium,0
33996,0.4581,0,medium,0
4296,0.147,0,low,0
15952,0.3737,0,medium,0
18937,0.1384,0,low,0
35747,0.5068,0,medium,0
14576,0.361,0,medium,1
11173,0.1643,0,low,0
37107,0.781,1,high,0
14541,0.4036,0,medium,0
29634,0.318,0,medium,0
1027,0.0824,0,low,0
38711,0.9719,1,high,1
27996,0.5513,0,medium,0
5926,0.136,0,low,0
2055,0.0819,0,low,0
13964,0.4065,0,medium,0
17949,0.298,0,low,0
22926,0.3164,0,medium,0
26715,0.2191,0,low,0
11877,0.2979,0,low,0
29151,0.3881,0,medium,0
10202,0.3178,0,medium,0
8717,0.2683,0,low,0
32195,0.0438,0,low,0
6443,0.1383,0,low,0
35593,0.5436,0,medium,0
20170,0.245,0,low,0
12701,0.0367,0,low,0
11366,0.2813,0,low,0
38341,0.5998,0,medium,0
6493,0.1318,0,low,0
10521,0.1255,0,low,0
30214,0.7812,1,high,0
4493,0.1137,0,low,0
22243,0.0972,0,low,0
9482,0.1248,0,low,0
35948,0.7048,1,high,1
40651,0.8861,1,high,1
8885,0.271,0,low,0
23777,0.3586,0,medium,0
34468,0.3374,0,medium,0
20082,0.1608,0,low,0
39614,0.9796,1,high,0
3462,0.2154,0,low,0
26201,0.4168,0,medium,0
8338,0.3179,0,medium,0
39441,0.6595,1,high,1
8161,0.3593,0,medium,0
37165,0.74,1,high,1
10133,0.2116,0,low,0
28017,0.7325,1,high,1
33316,0.1702,0,low,0
5760,0.1295,0,low,0
16610,0.5194,0,medium,0
2937,0.183,0,low,0
25485,0.2711,0,low,0
36218,0.3619,0,medium,0
1032,0.0944,0,low,0
22604,0.0029,0,low,0
7110,0.1702,0,low,0
28995,0.0752,0,low,0
22798,0.3959,0,medium,0
15573,0.5143,0,medium,0
13428,0.088,0,low,0
8147,0.061,0,low,0
712,0.0608,0,low,0
30640,0.6537,1,high,0
1314,0.1851,0,low,0
36522,0.7737,1,high,0
30915,0.4898,0,medium,0
12814,0.4105,0,medium,0
38410,0.9064,1,high,0
36959,0.715,1,high,1
33115,0.3875,0,medium,0
31991,0.1226,0,low,0
6302,0.164,0,low,0
15542,0.2324,0,low,0
30379,0.7599,1,high,0
16518,0.3109,0,medium,0
29381,0.2431,0,low,0
32657,0.088,0,low,0
1546,0.1375,0,low,0
10193,0.3468,0,medium,0
4295,0.2701,0,low,0
4746,0.1389,0,low,0
11618,0.1727,0,low,0
12444,0.1514,0,low,0
2598,0.1336,0,low,0
5978,0.1933,0,low,1
21413,0.1665,0,low,0
15391,0.5032,0,medium,0
32754,0.1969,0,low,0
31249,0.4045,0,medium,0
8209,0.1367,0,low,0
4028,0.2318,0,low,0
2619,0.1142,0,low,0
34478,0.2467,0,low,0
2266,0.1707,0,low,0
8831,0.2273,0,low,0
27840,0.9161,1,high,0
24862,0.3572,0,medium,0
25085,0.2142,0,low,0
18410,0.3206,0,medium,0
1327,0.2237,0,low,0
34304,0.2269,0,low,0
33290,0.1149,0,low,0
18327,0.0267,0,low,0
10079,0.1705,0,low,0
32773,0.4056,0,medium,0
38633,0.3705,0,medium,1
10048,0.1393,0,low,0
22120,0.2921,0,low,0
8515,0.2486,0,low,0
26648,0.3755,0,medium,0
19357,0.336,0,medium,0
32975,0.0684,0,low,0
15698,0.3924,0,medium,0
34519,0.3496,0,medium,0
13055,0.453,0,medium,0
26096,0.0587,0,low,0
26199,0.2235,0,low,0
20873,0.1651,0,low,0
27010,0.1462,0,low,0
22796,0.4135,0,medium,0
24537,0.1996,0,low,0
8798,0.1856,0,low,0
9583,0.1382,0,low,0
32957,0.3109,0,medium,0
21179,0.3499,0,medium,0
4612,0.1412,0,low,0
31806,0.2706,0,low,1
11757,0.3133,0,medium,0
7733,0.1075,0,low,0
33485,0.2429,0,low,0
3115,0.2592,0,low,0
6238,0.2119,0,low,0
12627,0.3067,0,medium,0
28393,0.5581,0,medium,0
3158,0.182,0,low,0
16197,0.3599,0,medium,0
29238,0.5213,0,medium,0
23291,0.2591,0,low,0
27473,0.1859,0,low,0
12174,0.1551,0,low,0
6882,0.1083,0,low,0
19253,0.1363,0,low,1
3735,0.2244,0,low,0
11159,0.2137,0,low,0
4561,0.206,0,low,0
13978,0.2879,0,low,1
22749,0.1444,0,low,0
31054,0.4202,0,medium,0
21542,0.2192,0,low,0
23943,0.2843,0,low,0
26265,0.4185,0,medium,1
2531,0.1857,0,low,0
33002,0.3038,0,medium,0
17335,0.2834,0,low,0
2865,0.3064,0,medium,0
4094,0.1985,0,low,0
6549,0.1906,0,low,0
37265,0.7684,1,high,1
3259,0.1461,0,low,1
14140,0.3435,0,medium,0
10382,0.2704,0,low,0
6778,0.029,0,low,0
25903,0.1946,0,low,0
7866,0.253,0,low,0
12500,0.2556,0,low,0
14191,0.3885,0,medium,0
16243,0.2179,0,low,0
27755,0.7969,1,high,0
29970,0.9014,1,high,1
6648,0.1675,0,low,1
35471,0.0667,0,low,0
13990,0.2812,0,low,0
9590,0.1853,0,low,0
7773,0.2352,0,low,0
30648,0.399,0,medium,0
23415,0.2119,0,low,0
2068,0.0972,0,low,0
1082,0.1834,0,low,0
24045,0.9113,1,high,0
9292,0.13,0,low,0
16893,0.1782,0,low,0
26416,0.2673,0,low,0
18606,0.1341,0,low,0
5601,0.1593,0,low,0
13969,0.3692,0,medium,0
23371,0.102,0,low,0
35990,0.5501,0,medium,0
5214,0.1292,0,low,0
19976,0.4453,0,medium,0
25650,0.3948,0,medium,0
17451,0.2074,0,low,1
36817,0.7337,1,high,0
30671,0.1618,0,low,0
30356,0.7873,1,high,1
21434,0.1334,0,low,0
6408,0.1568,0,low,0
33144,0.3572,0,medium,0
4001,0.1974,0,low,0
24016,0.8245,1,high,1
40812,0.8119,1,high,0
15374,0.2045,0,low,0
2259,0.0927,0,low,0
24329,0.1682,0,low,0
21554,0.2199,0,low,0
19525,0.3057,0,medium,0
23383,0.3036,0,medium,0
33747,0.6137,0,medium,1
1161,0.1086,0,low,0
26454,0.1971,0,low,0
18936,0.1622,0,low,0
29843,0.4053,0,medium,0
28835,0.6703,1,high,0
18995,0.4599,0,medium,0
34099,0.4283,0,medium,0
30810,0.4349,0,medium,0
3759,0.2576,0,low,0
37588,0.8022,1,high,1
5794,0.1166,0,low,0
10500,0.1204,0,low,0
3905,0.1618,0,low,0
33776,0.4426,0,medium,0
16746,0.0014,0,low,0
27008,0.3333,0,medium,0
25989,0.3751,0,medium,0
24695,0.0941,0,low,0
30667,0.0543,0,low,0
5772,0.1406,0,low,0
13013,0.2393,0,low,0
7192,0.1581,0,low,0
2616,0.1263,0,low,0
16410,0.2461,0,low,0
8745,0.2281,0,low,0
20885,0.2987,0,low,0
21505,0.2243,0,low,0
7135,0.1838,0,low,1
5527,0.1573,0,low,0
28649,0.702,1,high,0
28860,0.4954,0,medium,0
32599,0.2409,0,low,0
13602,0.3837,0,medium,0
34078,0.2238,0,low,0
10103,0.1227,0,low,0
33368,0.4307,0,medium,0
10368,0.2037,0,low,0
16929,0.4088,0,medium,0
28554,0.4247,0,medium,0
26619,0.3763,0,medium,0
38800,0.938,1,high,1
4607,0.0166,0,low,0
17431,0.0927,0,low,0
30707,0.1538,0,low,0
11168,0.2048,0,low,0
37294,0.5717,0,medium,0
25549,0.287,0,low,0
12393,0.3223,0,medium,0
3976,0.2046,0,low,0
24759,0.106,0,low,0
3733,0.1732,0,low,0
36222,0.1397,0,low,0
7249,0.1879,0,low,0
17854,0.2752,0,low,0
40734,0.9783,1,high,1
19182,0.3277,0,medium,0
10808,0.3065,0,medium,0
21005,0.0111,0,low,0
29648,0.3103,0,medium,0
1394,0.0871,0,low,0
40717,0.8398,1,high,1
7613,0.3228,0,medium,1
5697,0.1235,0,low,0
37765,0.5899,0,medium,0
33527,0.4131,0,medium,0
31131,0.2851,0,low,0
37454,0.8729,1,high,0
34640,0.4133,0,medium,0
32271,0.0991,0,low,0
37479,0.8068,1,high,0
26780,0.3082,0,medium,0
30112,0.8466,1,high,1
38832,0.7807,1,high,1
19238,0.1223,0,low,1
39933,0.4007,0,medium,0
37059,0.6307,0,medium,0
26643,0.2176,0,low,0
10308,0.1211,0,low,0
34145,0.4353,0,medium,0
17196,0.3691,0,medium,0
31485,0.3871,0,medium,0
29667,0.4238,0,medium,0
38140,0.8155,1,high,0
10293,0.3056,0,medium,0
13584,0.3339,0,medium,0
39799,0.2655,0,low,0
20107,0.2223,0,low,0
27550,0.088,0,low,0
1138,0.1111,0,low,0
25759,0.1252,0,low,0
37924,0.4472,0,medium,0
31759,0.2313,0,low,0
3402,0.1587,0,low,0
27182,0.3281,0,medium,0
2334,0.1119,0,low,0
17661,0.1372,0,low,0
11933,0.2419,0,low,1
8011,0.0758,0,low,0
11280,0.185,0,low,0
23652,0.0939,0,low,0
23409,0.3206,0,medium,0
28938,0.2533,0,low,0
23145,0.2173,0,low,0
15792,0.3733,0,medium,0
15548,0.5171,0,medium,0
39676,0.9856,1,high,1
19204,0.0574,0,low,0
20663,0.1319,0,low,0
37084,0.6752,1,high,0
13849,0.3948,0,medium,0
22209,0.177,0,low,0
3602,0.1302,0,low,0
11111,0.1146,0,low,0
1848,0.101,0,low,0
15526,0.3836,0,medium,0
33890,0.3773,0,medium,0
25465,0.2771,0,low,0
10839,0.1986,0,low,0
1404,0.1314,0,low,0
11056,0.2338,0,low,0
33338,0.4188,0,medium,0
8496,0.2674,0,low,0
4525,0.1062,0,low,0
3059,0.1615,0,low,0
12784,0.2535,0,low,0
21960,0.2075,0,low,0
31387,0.1733,0,low,0
12383,0.2366,0,low,0
31521,0.4528,0,medium,1
20032,0.399,0,medium,0
10625,0.2375,0,low,0
2520,0.1562,0,low,0
38009,0.5907,0,medium,0
4265,0.1846,0,low,0
5721,0.1725,0,low,0
29025,0.2304,0,low,0
7649,0.2369,0,low,0
10175,0.2233,0,low,0
2039,0.2046,0,low,1
2870,0.2089,0,low,0
31533,0.2785,0,low,0
22577,0.3151,0,medium,0
27777,0.8355,1,high,0
15201,0.4098,0,medium,0
25314,0.1689,0,low,1
6771,0.1493,0,low,0
37577,0.7111,1,high,1
22289,0.1492,0,low,0
799,0.1443,0,low,0
20582,0.3191,0,medium,0
27443,0.2644,0,low,0
13044,0.4198,0,medium,0
2438,0.0643,0,low,0
21603,0.1724,0,low,0
39477,0.9661,1,high,0
4370,0.1176,0,low,0
29003,0.4982,0,medium,0
12167,0.1324,0,low,0
36949,0.798,1,high,0
11825,0.2737,0,low,0
9522,0.125,0,low,0
16902,0.2632,0,low,0
23973,0.234,0,low,0
7600,0.1262,0,low,0
6284,0.1389,0,low,0
3764,0.2467,0,low,0
14976,0.3882,0,medium,0
33504,0.1369,0,low,0
21730,0.2354,0,low,0
1897,0.1136,0,low,0
6369,0.2004,0,low,0
32926,0.2862,0,low,0
6069,0.1536,0,low,0
37574,0.8116,1,high,0
23639,0.0987,0,low,0
31337,0.5014,0,medium,0
32007,0.2857,0,low,0
10545,0.211,0,low,0
31300,0.4765,0,medium,0
35672,0.4345,0,medium,0
27458,0.3281,0,medium,0
3012,0.2125,0,low,0
3183,0.1977,0,low,1
35783,0.4225,0,medium,0
7807,0.1013,0,low,0
17969,0.1549,0,low,0
5405,0.0927,0,low,0
23958,0.2689,0,low,0
4335,0.0613,0,low,0
19684,0.2976,0,low,0
4442,0.2038,0,low,0
4942,0.031,0,low,0
10051,0.2531,0,low,0
740,0.1055,0,low,0
10932,0.086,0,low,0
30191,0.8681,1,high,0
29554,0.1755,0,low,0
2780,0.3572,0,medium,0
7623,0.3417,0,medium,0
1492,0.175,0,low,0
4120,0.1038,0,low,0
27221,0.0599,0,low,0
12362,0.1862,0,low,0
40787,0.4327,0,medium,1
16849,0.249,0,low,0
3255,0.1636,0,low,0
20516,0.2893,0,low,0
41111,0.5746,0,medium,0
11247,0.2963,0,low,0
30967,0.2156,0,low,0
28441,0.6994,1,high,0
2857,0.2427,0,low,0
30121,0.781,1,high,0
20278,0.4345,0,medium,0
35441,0.0596,0,low,0
28198,0.3579,0,medium,0
33832,0.0274,0,low,0
12483,0.4119,0,medium,0
7653,0.1366,0,low,0
30837,0.4315,0,medium,0
37380,0.7824,1,high,0
25789,0.2201,0,low,0
23539,0.1209,0,low,0
21970,0.3036,0,medium,0
20179,0.4395,0,medium,0
20339,0.2428,0,low,0
896,0.127,0,low,0
19947,0.3724,0,medium,0
39432,0.8306,1,high,1
7722,0.1374,0,low,0
8185,0.133,0,low,0
31568,0.2246,0,low,0
33537,0.1996,0,low,0
38375,0.535,0,medium,0
11491,0.161,0,low,0
27240,0.3805,0,medium,0
15994,0.1306,0,low,1
21994,0.248,0,low,0
1715,0.0833,0,low,0
21861,0.4134,0,medium,0
29437,0.2664,0,low,0
8517,0.4313,0,medium,0
36679,0.8247,1,high,0
39841,0.8967,1,high,1
18722,0.0762,0,low,0
32389,0.1974,0,low,0
24305,0.2047,0,low,0
6739,0.1802,0,low,0
11811,0.1061,0,low,0
38618,0.3136,0,medium,0
9013,0.0167,0,low,0
23519,0.1633,0,low,0
39007,0.8472,1,high,0
12642,0.0008,0,low,0
18945,0.1895,0,low,0
36113,0.5385,0,medium,0
28095,0.2573,0,low,0
13665,0.4163,0,medium,0
31514,0.1202,0,low,0
5231,0.1195,0,low,0
38792,0.8571,1,high,0
35703,0.4426,0,medium,0
19854,0.1882,0,low,0
18069,0.2617,0,low,0
16271,0.2814,0,low,0
17714,0.4531,0,medium,0
6678,0.2176,0,low,1
20486,0.3957,0,medium,0
6836,0.1308,0,low,0
40945,0.9689,1,high,1
17753,0.1573,0,low,0
18122,0.4234,0,medium,0
23269,0.3339,0,medium,0
2405,0.1451,0,low,0
5798,0.17,0,low,0
10721,0.2048,0,low,0
23866,0.2156,0,low,0
8629,0.3988,0,medium,0
18749,0.0092,0,low,0
39929,0.922,1,high,0
8397,0.1123,0,low,0
30219,0.8503,1,high,1
14736,0.148,0,low,0
10456,0.1117,0,low,1
31466,0.1508,0,low,0
5708,0.1225,0,low,0
13349,0.1872,0,low,0
36567,0.8377,1,high,0
17226,0.1787,0,low,0
18335,0.0306,0,low,0
2468,0.1358,0,low,0
5148,0.1827,0,low,0
6940,0.2228,0,low,0
7524,0.1992,0,low,0
40736,0.9093,1,high,1
29148,0.343,0,medium,0
40088,0.3943,0,medium,0
1789,0.1194,0,low,0
10727,0.2046,0,low,0
17860,0.2674,0,low,0
4999,0.2165,0,low,0
309,0.0973,0,low,0
17822,0.3514,0,medium,0
37859,0.6387,0,medium,0
5808,0.185,0,low,0
7659,0.234,0,low,0
27625,0.3266,0,medium,0
26517,0.3839,0,medium,0
24244,0.1966,0,low,0
12606,0.1297,0,low,0
21725,0.2082,0,low,0
32624,0.3261,0,medium,0
3229,0.2782,0,low,0
15704,0.4221,0,medium,0
31440,0.0942,0,low,0
16138,0.0179,0,low,0
26435,0.3466,0,medium,0
24540,0.0617,0,low,0
40266,0.9213,1,high,1
23848,0.1274,0,low,0
167,0.0785,0,low,0
13485,0.2614,0,low,0
39386,0.9289,1,high,1
25273,0.2589,0,low,0
37531,0.8158,1,high,0
15520,0.2554,0,low,0
35313,0.1244,0,low,0
10165,0.4325,0,medium,0
18326,0.1713,0,low,1
9479,0.2318,0,low,0
17155,0.2469,0,low,0
37520,0.638,0,medium,0
14588,0.1859,0,low,0
29031,0.3225,0,medium,1
10666,0.1288,0,low,0
17529,0.3517,0,medium,0
345,0.1926,0,low,0
26809,0.201,0,low,0
9345,0.0376,0,low,0
12916,0.2832,0,low,0
35967,0.6226,0,medium,0
6718,0.1208,0,low,0
19472,0.2901,0,low,1
20924,0.2414,0,low,1
8929,0.2746,0,low,0
8360,0.2526,0,low,1
6452,0.1538,0,low,0
7266,0.177,0,low,1
35137,0.5888,0,medium,0
37458,0.6547,1,high,0
2123,0.0993,0,low,0
32667,0.4119,0,medium,0
39119,0.8658,1,high,1
23492,0.2712,0,low,0
11997,0.2747,0,low,0
40862,0.42,0,medium,0
9884,0.1803,0,low,0
22723,0.2821,0,low,0
1967,0.0446,0,low,0
21202,0.3661,0,medium,0
32120,0.2906,0,low,0
13600,0.2099,0,low,0
39777,0.8107,1,high,0
12134,0.2422,0,low,0
25492,0.2592,0,low,0
26011,0.5724,0,medium,0
31044,0.061,0,low,0
22833,0.1749,0,low,0
26283,0.4046,0,medium,0
22053,0.3922,0,medium,0
36515,0.8227,1,high,1
31453,0.374,0,medium,0
36582,0.8049,1,high,0
36895,0.7186,1,high,1
29702,0.3079,0,medium,0
34394,0.1626,0,low,0
40081,0.8735,1,high,0
1149,0.2221,0,low,0
8804,0.1814,0,low,1
5996,0.1341,0,low,0
16487,0.3983,0,medium,0
17802,0.2959,0,low,0
30210,0.2546,0,low,1
3057,0.2607,0,low,0
25164,0.1451,0,low,0
25004,0.2857,0,low,0
15653,0.3635,0,medium,0
15300,0.3221,0,medium,0
39142,0.8953,1,high,1
4768,0.362,0,medium,0
1196,0.2447,0,low,0
30452,0.7668,1,high,1
39549,0.9133,1,high,1
23235,0.4153,0,medium,1
21832,0.3602,0,medium,0
4924,0.0513,0,low,0
23035,0.483,0,medium,0
36326,0.8269,1,high,0
5529,0.1816,0,low,0
9392,0.1521,0,low,0
35793,0.3196,0,medium,1
37722,0.7542,1,high,0
25223,0.2309,0,low,0
5666,0.1574,0,low,0
22248,0.1815,0,low,0
6460,0.0865,0,low,0
26375,0.1684,0,low,0
7426,0.2169,0,low,0
28456,0.8062,1,high,1
28634,0.1895,0,low,0
36349,0.784,1,high,0
27375,0.2316,0,low,0
10063,0.1245,0,low,0
17835,0.0654,0,low,0
22485,0.1039,0,low,0
24319,0.38,0,medium,0
2423,0.1302,0,low,0
22009,0.2834,0,low,0
8610,0.1517,0,low,0
3519,0.1776,0,low,0
37163,0.8909,1,high,1
22239,0.3153,0,medium,0
38719,0.7796,1,high,0
6762,0.0987,0,low,1
16186,0.0015,0,low,0
15981,0.2961,0,low,0
31638,0.0382,0,low,0
18227,0.3407,0,medium,0
12462,0.3028,0,medium,0
23927,0.2468,0,low,0
2684,0.1031,0,low,1
22416,0.0944,0,low,0
35488,0.5802,0,medium,0
37528,0.8099,1,high,0
36975,0.655,1,high,1
20644,0.4127,0,medium,0
2233,0.1803,0,low,0
19674,0.6028,0,medium,0
29983,0.8016,1,high,0
33789,0.5007,0,medium,1
40343,0.7507,1,high,0
20717,0.3445,0,medium,0
18244,0.3573,0,medium,0
954,0.0584,0,low,0
40728,0.9865,1,high,1
30133,0.8301,1,high,1
6377,0.1505,0,low,0
8448,0.1084,0,low,0
21335,0.0988,0,low,0
18149,0.1336,0,low,0
13345,0.1912,0,low,0
12797,0.5458,0,medium,0
27186,0.3608,0,medium,0
22777,0.5875,0,medium,0
24909,0.118,0,low,0
12371,0.2775,0,low,0
34854,0.604,0,medium,0
9767,0.0477,0,low,0
30183,0.8752,1,high,1
36506,0.8233,1,high,1
28607,0.4554,0,medium,0
13361,0.2409,0,low,0
3456,0.1715,0,low,0
31736,0.3129,0,medium,0
32379,0.26,0,low,0
38565,0.8534,1,high,1
16126,0.2955,0,low,0
34152,0.4562,0,medium,0
12203,0.1623,0,low,0
22307,0.2154,0,low,0
24174,0.2317,0,low,0
20237,0.3738,0,medium,0
34381,0.1036,0,low,0
37244,0.5095,0,medium,0
33544,0.3337,0,medium,0
33217,0.3488,0,medium,1
23679,0.1131,0,low,0
6912,0.2153,0,low,0
28142,0.6749,1,high,0
29039,0.3883,0,medium,0
27594,0.0597,0,low,0
17138,0.4539,0,medium,0
27514,0.5688,0,medium,0
19384,0.2175,0,low,0
19566,0.2935,0,low,0
19301,0.5676,0,medium,0
38769,0.8979,1,high,0
15509,0.4456,0,medium,0
19416,0.329,0,medium,0
198,0.0858,0,low,0
36352,0.7276,1,high,1
34648,0.7313,1,high,1
11532,0.1749,0,low,1
16617,0.2039,0,low,0
38745,0.8924,1,high,0
26108,0.3088,0,medium,0
4719,0.1405,0,low,0
13855,0.2559,0,low,0
24650,0.0837,0,low,0
8670,0.289,0,low,0
26488,0.4766,0,medium,0
15225,0.1062,0,low,0
23607,0.0194,0,low,0
12953,0.2689,0,low,0
10925,0.4681,0,medium,0
16932,0.2523,0,low,0
868,0.1872,0,low,0
34200,0.3027,0,medium,0
17605,0.1333,0,low,0
829,0.1616,0,low,0
34290,0.1019,0,low,0
41073,0.4636,0,medium,0
26202,0.3525,0,medium,0
11427,0.2224,0,low,0
30906,0.2911,0,low,0
22607,0.0607,0,low,0
4139,0.027,0,low,0
37995,0.7658,1,high,1
22713,0.2854,0,low,0
27205,0.3073,0,medium,0
26063,0.1347,0,low,0
31616,0.427,0,medium,0
3280,0.1976,0,low,0
8038,0.3664,0,medium,0
12973,0.2766,0,low,0
23460,0.205,0,low,0
34982,0.2847,0,low,0
39480,0.7999,1,high,0
5033,0.1313,0,low,0
6990,0.1749,0,low,0
1466,0.1498,0,low,0
3691,0.2312,0,low,0
35565,0.2266,0,low,0
13177,0.2294,0,low,0
32826,0.4176,0,medium,0
36334,0.6814,1,high,1
20060,0.2803,0,low,0
6972,0.2381,0,low,0
26009,0.3664,0,medium,0
25582,0.3759,0,medium,0
23563,0.2658,0,low,0
34098,0.4341,0,medium,0
19579,0.2629,0,low,0
34282,0.4161,0,medium,0
4302,0.1165,0,low,0
2434,0.1929,0,low,0
34691,0.2645,0,low,0
28452,0.5612,0,medium,0
14255,0.2932,0,low,0
33689,0.156,0,low,0
38387,0.8529,1,high,0
40105,0.9726,1,high,1
34067,0.5031,0,medium,0
24158,0.1676,0,low,0
34923,0.3845,0,medium,0
26207,0.3011,0,medium,0
1791,0.1199,0,low,1
22455,0.3276,0,medium,0
11525,0.0308,0,low,0
7023,0.2366,0,low,0
8454,0.1261,0,low,0
7169,0.2505,0,low,0
9143,0.2609,0,low,0
23731,0.1361,0,low,0
8119,0.3343,0,medium,0
23512,0.2094,0,low,0
34309,0.4304,0,medium,0
35599,0.3791,0,medium,0
17004,0.2804,0,low,0
24652,0.1592,0,low,0
25066,0.3831,0,medium,0
38331,0.706,1,high,1
19247,0.5349,0,medium,0
32172,0.293,0,low,0
11992,0.2608,0,low,0
17892,0.2004,0,low,0
713,0.1779,0,low,0
33873,0.5218,0,medium,0
888,0.1065,0,low,0
29187,0.3968,0,medium,0
5002,0.2077,0,low,0
35814,0.1341,0,low,0
28371,0.6969,1,high,0
27425,0.3563,0,medium,0
30921,0.6044,0,medium,0
4660,0.1619,0,low,0
84,0.1853,0,low,0
34354,0.4604,0,medium,0
37795,0.7343,1,high,0
34600,0.477,0,medium,0
3674,0.2057,0,low,0
38327,0.8541,1,high,1
14212,0.3392,0,medium,0
3155,0.2128,0,low,0
40590,0.7062,1,high,0
25504,0.4514,0,medium,0
965,0.1253,0,low,0
22866,0.2399,0,low,0
16957,0.3341,0,medium,0
28797,0.2085,0,low,0
2432,0.1096,0,low,0
204,0.2456,0,low,0
14972,0.436,0,medium,0
5436,0.2355,0,low,0
36661,0.8313,1,high,1
31070,0.0865,0,low,0
32378,0.1838,0,low,0
18454,0.1273,0,low,0
28145,0.1971,0,low,0
1390,0.1505,0,low,0
40518,0.7706,1,high,0
37100,0.8256,1,high,1
937,0.1097,0,low,0
36010,0.5689,0,medium,1
25922,0.1559,0,low,0
3047,0.1474,0,low,1
40013,0.4836,0,medium,0
35456,0.0288,0,low,0
35009,0.5231,0,medium,0
8267,0.1959,0,low,0
11153,0.2245,0,low,0
40237,0.4112,0,medium,0
8532,0.4401,0,medium,0
2337,0.1937,0,low,0
37694,0.7441,1,high,0
25243,0.3245,0,medium,0
34159,0.4183,0,medium,0
28776,0.2397,0,low,0
34581,0.2411,0,low,0
2622,0.2596,0,low,0
15368,0.4684,0,medium,1
1435,0.1743,0,low,0
371,0.2035,0,low,0
13827,0.3139,0,medium,0
13167,0.2727,0,low,0
13165,0.3797,0,medium,0
23986,0.2326,0,low,0
22737,0.3071,0,medium,0
18697,0.0314,0,low,0
10860,0.2078,0,low,0
20043,0.2489,0,low,0
23486,0.2053,0,low,0
27850,0.851,1,high,1
40996,0.6509,1,high,1
32707,0.1376,0,low,0
27275,0.3071,0,medium,0
27070,0.3379,0,medium,0
2705,0.1561,0,low,0
34987,0.4921,0,medium,0
32603,0.4464,0,medium,0
12066,0.213,0,low,0
40097,0.813,1,high,1
1533,0.177,0,low,0
32211,0.2834,0,low,0
23036,0.1768,0,low,0
26626,0.3061,0,medium,0
29246,0.2459,0,low,0
9430,0.1856,0,low,0
4865,0.1237,0,low,0
35183,0.1865,0,low,1
23515,0.0364,0,low,0
4249,0.0247,0,low,0
5154,0.1663,0,low,0
28316,0.685,1,high,0
34168,0.2174,0,low,0
40075,0.623,0,medium,0
39717,0.9242,1,high,1
31847,0.2631,0,low,0
23457,0.1955,0,low,0
21448,0.1986,0,low,0
9283,0.0245,0,low,0
17234,0.3444,0,medium,0
8837,0.2678,0,low,0
196,0.084,0,low,0
27981,0.6098,0,medium,0
37369,0.8176,1,high,0
13793,0.3373,0,medium,0
26440,0.3804,0,medium,0
8751,0.1706,0,low,0
16968,0.2464,0,low,0
9532,0.0723,0,low,0
27647,0.2934,0,low,0
5477,0.1724,0,low,0
4075,0.1485,0,low,0
11071,0.2303,0,low,0
7450,0.1776,0,low,0
35202,0.2556,0,low,0
7605,0.1539,0,low,0
28210,0.419,0,medium,0
17819,0.2312,0,low,0
10320,0.1528,0,low,0
40579,0.2268,0,low,0
11808,0.2747,0,low,0
35469,0.1026,0,low,0
17531,0.3116,0,medium,0
24339,0.2113,0,low,0
33578,0.1578,0,low,0
14909,0.4802,0,medium,0
15130,0.2573,0,low,0
1624,0.1758,0,low,0
40754,0.8593,1,high,1
18605,0.0701,0,low,0
35270,0.5956,0,medium,0
26919,0.0675,0,low,0
35996,0.4544,0,medium,0
19843,0.143,0,low,0
39159,0.9816,1,high,1
17750,0.241,0,low,0
37667,0.5231,0,medium,1
29612,0.1162,0,low,0
22761,0.311,0,medium,0
27377,0.0449,0,low,0
38732,0.8295,1,high,0
38044,0.6712,1,high,0
20155,0.2359,0,low,0
37514,0.7698,1,high,0
36475,0.8682,1,high,0
5889,0.1921,0,low,0
9582,0.1985,0,low,0
10182,0.2073,0,low,0
9875,0.2931,0,low,0
3374,0.0473,0,low,0
3415,0.1668,0,low,0
2042,0.2534,0,low,0
35477,0.1441,0,low,0
26168,0.1788,0,low,0
24614,0.0738,0,low,0
40949,0.632,0,medium,0
5428,0.1167,0,low,0
9387,0.1074,0,low,0
33654,0.0664,0,low,0
38248,0.6751,1,high,0
12184,0.1112,0,low,0
25096,0.0801,0,low,0
33608,0.5372,0,medium,0
19961,0.1981,0,low,0
16440,0.1055,0,low,0
34082,0.4667,0,medium,0
33419,0.3065,0,medium,0
19624,0.306,0,medium,0
30226,0.8581,1,high,0
12441,0.2873,0,low,0
18555,0.1285,0,low,0
18339,0.002,0,low,0
41098,0.9057,1,high,1
7330,0.2681,0,low,0
24230,0.1937,0,low,0
39902,0.8259,1,high,0
24658,0.2937,0,low,0
16026,0.0829,0,low,0
19790,0.3735,0,medium,0
11209,0.1274,0,low,0
38251,0.7471,1,high,0
19884,0.3347,0,medium,0
30995,0.3334,0,medium,0
26306,0.3266,0,medium,0
31829,0.2905,0,low,1
36145,0.3725,0,medium,0
27522,0.2647,0,low,1
21814,0.1538,0,low,0
25112,0.1647,0,low,0
10451,0.1789,0,low,0
3222,0.2407,0,low,0
19546,0.2337,0,low,0
2218,0.0675,0,low,0
19526,0.0993,0,low,0
40335,0.8488,1,high,1
31804,0.2729,0,low,0
40838,0.7718,1,high,1
24341,0.0534,0,low,0
4203,0.2089,0,low,0
18337,0.2836,0,low,0
30241,0.7885,1,high,0
5735,0.168,0,low,0
1207,0.1222,0,low,0
1658,0.1715,0,low,0
3396,0.2671,0,low,0
20532,0.3139,0,medium,0
24687,0.1641,0,low,0
6006,0.1578,0,low,0
17948,0.0909,0,low,0
600,0.1421,0,low,0
24924,0.3527,0,medium,0
9631,0.121,0,low,0
1236,0.218,0,low,0
40681,0.8829,1,high,0
8055,0.113,0,low,0
26136,0.2708,0,low,0
9045,0.1841,0,low,0
22215,0.1387,0,low,0
12704,0.1745,0,low,0
895,0.1476,0,low,0
28220,0.8487,1,high,0
10817,0.14,0,low,0
18442,0.1035,0,low,0
40360,0.9592,1,high,1
34529,0.5974,0,medium,1
31085,0.4863,0,medium,0
35894,0.4188,0,medium,0
146,0.0877,0,low,0
8103,0.0462,0,low,0
11511,0.2752,0,low,0
28432,0.6869,1,high,0
705,0.1307,0,low,0
6840,0.1566,0,low,0
32140,0.1588,0,low,0
1438,0.1613,0,low,0
6137,0.0986,0,low,0
38025,0.8666,1,high,1
17688,0.0515,0,low,0
10460,0.0797,0,low,0
6810,0.1216,0,low,0
18839,0.0328,0,low,0
12136,0.1781,0,low,0
8732,0.2266,0,low,0
18184,0.3022,0,medium,1
33310,0.1512,0,low,0
17466,0.2077,0,low,0
37527,0.8826,1,high,0
25302,0.2546,0,low,0
12628,0.2902,0,low,0
8095,0.2981,0,low,0
15493,0.3789,0,medium,0
17439,0.434,0,medium,0
16110,0.2283,0,low,0
30778,0.2991,0,low,0
39715,0.5897,0,medium,0
5080,0.1573,0,low,0
8004,0.228,0,low,0
36685,0.7546,1,high,0
12338,0.1858,0,low,0
6758,0.203,0,low,0
32159,0.206,0,low,0
15419,0.2416,0,low,0
11763,0.2058,0,low,0
3562,0.2165,0,low,0
21636,0.0923,0,low,0
12611,0.0669,0,low,0
21625,0.2226,0,low,0
7626,0.1605,0,low,0
34008,0.2232,0,low,0
413,0.1884,0,low,0
15963,0.3056,0,medium,0
21182,0.1479,0,low,0
9852,0.1757,0,low,1
2492,0.2164,0,low,0
29738,0.372,0,medium,0
19874,0.324,0,medium,0
16541,0.2068,0,low,0
27756,0.8765,1,high,0
21461,0.1607,0,low,0
24348,0.2458,0,low,0
30700,0.3192,0,medium,0
25713,0.4711,0,medium,0
19039,0.3295,0,medium,1
503,0.0846,0,low,0
19422,0.3934,0,medium,0
36240,0.8131,1,high,1
27685,0.6684,1,high,0
9844,0.2272,0,low,0
12455,0.4108,0,medium,1
5979,0.1309,0,low,0
17337,0.0033,0,low,0
29343,0.4586,0,medium,0
16167,0.4912,0,medium,0
17122,0.387,0,medium,0
8652,0.1919,0,low,0
20399,0.4697,0,medium,0
24137,0.2675,0,low,0
37010,0.7314,1,high,1
34922,0.5898,0,medium,0
23173,0.0163,0,low,0
16739,0.3094,0,medium,0
26874,0.4141,0,medium,0
10360,0.1887,0,low,0
11381,0.2864,0,low,0
24567,0.027,0,low,0
29825,0.2741,0,low,0
31900,0.1234,0,low,0
19192,0.3551,0,medium,0
13308,0.2652,0,low,0
18298,0.1744,0,low,0
31354,0.2584,0,low,0
34536,0.4425,0,medium,0
38433,0.8377,1,high,0
7921,0.1491,0,low,0
4036,0.2078,0,low,0
17433,0.3897,0,medium,0
21967,0.1674,0,low,0
29431,0.0152,0,low,0
11711,0.1705,0,low,0
22222,0.2975,0,low,0
39358,0.8939,1,high,0
28688,0.4367,0,medium,0
5615,0.1173,0,low,0
12151,0.1461,0,low,0
30682,0.537,0,medium,0
16346,0.0974,0,low,0
5935,0.2596,0,low,0
25851,0.2867,0,low,0
18112,0.2367,0,low,0
21348,0.2373,0,low,0
5460,0.2034,0,low,0
21018,0.1922,0,low,0
22730,0.3105,0,medium,0
6923,0.246,0,low,0
12533,0.314,0,medium,0
18390,0.12,0,low,0
34440,0.0861,0,low,0
17403,0.2644,0,low,0
40384,0.9477,1,high,1
38241,0.7345,1,high,0
34525,0.4666,0,medium,0
28955,0.0981,0,low,0
11581,0.108,0,low,0
40172,0.9614,1,high,1
38692,0.9227,1,high,1
34603,0.3784,0,medium,0
6921,0.1475,0,low,0
23798,0.2221,0,low,0
31893,0.1089,0,low,0
17307,0.1317,0,low,0
39311,0.885,1,high,0
1892,0.1509,0,low,0
7228,0.0864,0,low,0
32673,0.3204,0,medium,0
17582,0.043,0,low,0
37704,0.9603,1,high,1
24403,0.2058,0,low,0
28987,0.1399,0,low,0
27586,0.4113,0,medium,0
35234,0.123,0,low,1
17230,0.0029,0,low,0
33458,0.4212,0,medium,0
8224,0.1294,0,low,0
24048,0.9342,1,high,1
10761,0.2493,0,low,0
2097,0.0928,0,low,0
8256,0.271,0,low,0
37790,0.7936,1,high,0
31355,0.0685,0,low,0
33150,0.3009,0,medium,0
17740,0.1537,0,low,0
27109,0.2513,0,low,0
28342,0.3167,0,medium,0
5762,0.1734,0,low,0
38693,0.9419,1,high,1
24371,0.1758,0,low,0
10799,0.1747,0,low,0
10992,0.1972,0,low,0
5828,0.1374,0,low,0
24289,0.0589,0,low,0
4511,0.0651,0,low,0
35904,0.4629,0,medium,0
30005,0.8979,1,high,1
20449,0.4517,0,medium,0
40795,0.8611,1,high,0
19555,0.3144,0,medium,0
24470,0.2654,0,low,0
36198,0.7119,1,high,0
14002,0.4763,0,medium,0
28822,0.47,0,medium,0
21597,0.1189,0,low,0
13482,0.4674,0,medium,0
4654,0.1963,0,low,0
36780,0.7794,1,high,0
20571,0.0717,0,low,0
12851,0.4115,0,medium,0
31861,0.1918,0,low,0
30978,0.1788,0,low,0
18047,0.447,0,medium,0
1304,0.1219,0,low,0
41151,0.9155,1,high,1
11073,0.5834,0,medium,0
32070,0.2261,0,low,0
35292,0.1772,0,low,0
12899,0.3419,0,medium,0
40587,0.3619,0,medium,0
16501,0.3945,0,medium,0
17489,0.3246,0,medium,0
17338,0.1762,0,low,0
20260,0.1566,0,low,0
14286,0.2785,0,low,0
4728,0.1074,0,low,0
17629,0.0089,0,low,0
33477,0.3609,0,medium,1
20747,0.1503,0,low,0
19898,0.2755,0,low,0
13198,0.1191,0,low,0
31835,0.2343,0,low,0
22494,0.2191,0,low,0
30073,0.5456,0,medium,0
17126,0.2864,0,low,0
23497,0.1287,0,low,0
40872,0.8435,1,high,1
23141,0.1288,0,low,0
2013,0.1223,0,low,0
25155,0.1565,0,low,0
24433,0.1226,0,low,0
19430,0.4451,0,medium,0
11687,0.2494,0,low,0
40922,0.7652,1,high,0
8775,0.1224,0,low,0
14787,0.2217,0,low,1
1704,0.127,0,low,0
40290,0.6791,1,high,0
33017,0.3373,0,medium,0
21808,0.1963,0,low,0
34890,0.3537,0,medium,0
35738,0.283,0,low,0
25264,0.0712,0,low,0
18252,0.1865,0,low,0
33086,0.2003,0,low,0
812,0.1962,0,low,0
1342,0.1741,0,low,0
9654,0.1557,0,low,0
32869,0.2393,0,low,0
6156,0.0802,0,low,0
12212,0.0896,0,low,0
14720,0.0514,0,low,0
16508,0.3422,0,medium,0
5093,0.1599,0,low,0
21082,0.2202,0,low,0
34852,0.4481,0,medium,0
12016,0.0629,0,low,0
15608,0.2695,0,low,0
12849,0.2305,0,low,0
40826,0.4785,0,medium,0
1764,0.1373,0,low,0
4623,0.1266,0,low,1
2985,0.1588,0,low,0
22043,0.2794,0,low,0
20881,0.1855,0,low,0
36467,0.74,1,high,1
7434,0.2578,0,low,0
25700,0.5978,0,medium,0
9486,0.1313,0,low,0
20894,0.314,0,medium,0
5457,0.18,0,low,0
7518,0.2697,0,low,0
1465,0.2932,0,low,0
21186,0.2736,0,low,0
6191,0.1374,0,low,0
29731,0.3361,0,medium,0
34968,0.5812,0,medium,1
15241,0.3252,0,medium,0
11349,0.2675,0,low,0
33460,0.1611,0,low,0
33052,0.0983,0,low,0
21323,0.0517,0,low,0
22758,0.34,0,medium,0
4770,0.1524,0,low,0
31768,0.3989,0,medium,0
4620,0.1199,0,low,0
22700,0.1648,0,low,0
23762,0.1104,0,low,0
30718,0.3834,0,medium,0
21533,0.013,0,low,0
1109,0.115,0,low,0
7270,0.0449,0,low,0
33058,0.1908,0,low,0
20182,0.3639,0,medium,0
7689,0.272,0,low,0
23627,0.0446,0,low,0
9228,0.2092,0,low,0
31298,0.276,0,low,0
30166,0.8724,1,high,0
18116,0.3313,0,medium,1
28531,0.7656,1,high,0
19241,0.3123,0,medium,0
199,0.154,0,low,0
20499,0.35,0,medium,0
20713,0.1507,0,low,0
34321,0.512,0,medium,0
241,0.1256,0,low,0
37883,0.2534,0,low,0
6664,0.0777,0,low,0
38462,0.7506,1,high,1
35504,0.3626,0,medium,0
32039,0.3464,0,medium,0
26708,0.4035,0,medium,0
1214,0.13,0,low,0
3387,0.1463,0,low,0
16977,0.16,0,low,0
40900,0.3677,0,medium,1
28829,0.3739,0,medium,0
1040,0.0536,0,low,0
1622,0.1517,0,low,0
33253,0.3648,0,medium,0
17498,0.2271,0,low,0
22940,0.1994,0,low,0
5138,0.0913,0,low,0
29046,0.3542,0,medium,0
8215,0.2255,0,low,0
26254,0.3277,0,medium,0
24696,0.0827,0,low,0
13070,0.1405,0,low,0
32918,0.2588,0,low,0
883,0.2642,0,low,0
17631,0.1738,0,low,0
38558,0.8814,1,high,1
18604,0.0593,0,low,0
17540,0.4097,0,medium,0
1509,0.0691,0,low,0
40941,0.9152,1,high,1
1959,0.1528,0,low,0
24566,0.3257,0,medium,0
35788,0.5514,0,medium,0
30220,0.8122,1,high,1
22213,0.1387,0,low,0
36656,0.809,1,high,1
32643,0.1834,0,low,0
26759,0.3478,0,medium,0
25422,0.2965,0,low,0
1672,0.1349,0,low,0
17136,0.3016,0,medium,0
19461,0.4806,0,medium,0
18451,0.0012,0,low,0
15170,0.1592,0,low,0
3411,0.0847,0,low,0
23432,0.2036,0,low,0
4708,0.1891,0,low,0
21913,0.3249,0,medium,0
16411,0.3551,0,medium,0
35061,0.4003,0,medium,0
13107,0.4378,0,medium,0
29153,0.4724,0,medium,0
12372,0.2544,0,low,0
18299,0.2922,0,low,0
115,0.106,0,low,0
20830,0.4012,0,medium,0
9867,0.4586,0,medium,0
14644,0.2517,0,low,0
1512,0.3151,0,medium,0
19080,0.3114,0,medium,0
33112,0.1371,0,low,0
30357,0.8087,1,high,1
27637,0.1243,0,low,0
27171,0.357,0,medium,0
2474,0.103,0,low,0
36703,0.9364,1,high,0
34034,0.4463,0,medium,1
18691,0.0044,0,low,0
30492,0.2662,0,low,0
33198,0.2631,0,low,0
38271,0.832,1,high,0
16051,0.0758,0,low,0
28898,0.2727,0,low,0
10121,0.191,0,low,0
34688,0.2456,0,low,0
33084,0.2297,0,low,0
25065,0.2475,0,low,0
20251,0.3526,0,medium,0
7273,0.2868,0,low,0
2923,0.291,0,low,0
14884,0.3509,0,medium,1
34489,0.4657,0,medium,0
27176,0.335,0,medium,0
32605,0.0617,0,low,0
16498,0.2468,0,low,0
1343,0.1338,0,low,0
30197,0.8267,1,high,1
19433,0.4352,0,medium,0
15182,0.6238,0,medium,0
9008,0.3345,0,medium,0
537,0.1517,0,low,0
21899,0.1828,0,low,0
15460,0.395,0,medium,0
11953,0.2882,0,low,0
16585,0.1956,0,low,0
30623,0.4571,0,medium,0
28195,0.5282,0,medium,0
17679,0.29,0,low,0
33988,0.5527,0,medium,0
30756,0.3329,0,medium,0
14359,0.44,0,medium,0
1618,0.0862,0,low,0
16961,0.3684,0,medium,0
21575,0.1955,0,low,0
16420,0.3157,0,medium,0
11000,0.0772,0,low,0
30735,0.263,0,low,0
12405,0.0936,0,low,0
15286,0.2661,0,low,0
18731,0.1946,0,low,0
6978,0.2381,0,low,0
24457,0.1362,0,low,0
35774,0.4491,0,medium,0
34213,0.2888,0,low,1
14709,0.0444,0,low,0
7030,0.3993,0,medium,0
30704,0.2717,0,low,0
6324,0.0953,0,low,0
3417,0.0215,0,low,0
16859,0.3006,0,medium,0
7506,0.1644,0,low,0
40346,0.9508,1,high,0
32902,0.3231,0,medium,0
38940,0.8245,1,high,0
35242,0.5861,0,medium,0
38612,0.6087,0,medium,1
27928,0.8762,1,high,0
27446,0.3102,0,medium,0
36760,0.861,1,high,1
23783,0.195,0,low,0
23720,0.0499,0,low,0
2761,0.0627,0,low,0
27683,0.1984,0,low,0
29228,0.5319,0,medium,1
37488,0.5647,0,medium,0
2816,0.1301,0,low,0
35095,0.6246,0,medium,0
35374,0.5659,0,medium,0
23054,0.3402,0,medium,0
14404,0.2528,0,low,0
14818,0.3736,0,medium,0
21150,0.3106,0,medium,0
13623,0.1819,0,low,0
16903,0.2639,0,low,0
26452,0.4321,0,medium,0
5472,0.031,0,low,0
41077,0.9109,1,high,1
18867,0.0163,0,low,0
22098,0.241,0,low,0
28557,0.7074,1,high,0
6737,0.1442,0,low,0
21953,0.1996,0,low,0
20756,0.2347,0,low,1
16205,0.3262,0,medium,0
130,0.1214,0,low,0
37644,0.5487,0,medium,0
39907,0.9048,1,high,1
17994,0.5987,0,medium,0
23134,0.2836,0,low,0
38104,0.8077,1,high,1
35736,0.3545,0,medium,0
40692,0.855,1,high,1
3450,0.1978,0,low,0
36339,0.3769,0,medium,0
18205,0.2707,0,low,0
29119,0.2137,0,low,0
4751,0.3629,0,medium,0
14593,0.2224,0,low,0
26193,0.1198,0,low,0
39781,0.8816,1,high,0
16112,0.1762,0,low,0
25089,0.1224,0,low,0
19691,0.1495,0,low,0
15875,0.3196,0,medium,0
26184,0.2364,0,low,0
33431,0.4495,0,medium,0
12757,0.342,0,medium,0
3429,0.2087,0,low,0
40006,0.5041,0,medium,0
1640,0.1848,0,low,0
25826,0.1937,0,low,0
24526,0.1769,0,low,0
12873,0.3961,0,medium,0
23393,0.2117,0,low,0
3330,0.125,0,low,0
7026,0.3414,0,medium,0
838,0.0968,0,low,0
3253,0.0736,0,low,0
31937,0.3121,0,medium,0
24560,0.1525,0,low,0
27041,0.3645,0,medium,0
9216,0.1641,0,low,0
32021,0.3359,0,medium,0
5617,0.0891,0,low,0
26437,0.3617,0,medium,0
13417,0.0987,0,low,0
16060,0.3548,0,medium,0
27364,0.4387,0,medium,0
11216,0.2059,0,low,0
7916,0.1851,0,low,0
7904,0.2273,0,low,0
38961,0.8651,1,high,1
29698,0.2623,0,low,0
35340,0.4777,0,medium,0
7599,0.1238,0,low,0
35258,0.2252,0,low,0
32133,0.1614,0,low,0
24100,0.5341,0,medium,1
30280,0.8919,1,high,0
36746,0.7982,1,high,0
9043,0.0503,0,low,0
35430,0.1066,0,low,0
14349,0.2526,0,low,0
17720,0.1945,0,low,1
17712,0.1833,0,low,0
39236,0.7318,1,high,0
3963,0.228,0,low,0
22349,0.0307,0,low,0
10020,0.0747,0,low,0
22994,0.3135,0,medium,0
25236,0.212,0,low,0
23540,0.1411,0,low,0
37072,0.7905,1,high,0
6692,0.1426,0,low,0
20862,0.2426,0,low,0
3709,0.2404,0,low,0
9105,0.1964,0,low,0
39795,0.9069,1,high,1
28171,0.2535,0,low,0
4889,0.2136,0,low,0
14087,0.3361,0,medium,0
2786,0.1554,0,low,0
22039,0.3928,0,medium,0
1406,0.1035,0,low,0
14609,0.363,0,medium,0
37569,0.8371,1,high,0
28832,0.3712,0,medium,0
38622,0.4304,0,medium,0
28468,0.4176,0,medium,0
30455,0.6232,0,medium,0
7223,0.2237,0,low,0
35662,0.6581,1,high,0
5281,0.1392,0,low,0
24416,0.2219,0,low,0
18130,0.3643,0,medium,0
10714,0.2843,0,low,0
40476,0.9841,1,high,1
30152,0.8508,1,high,0
24133,0.1767,0,low,0
28919,0.2539,0,low,0
27067,0.2944,0,low,0
17803,0.1292,0,low,0
19893,0.3279,0,medium,0
33567,0.1694,0,low,0
38285,0.786,1,high,0
7152,0.2329,0,low,0
40990,0.9668,1,high,1
13229,0.2231,0,low,0
28124,0.2655,0,low,0
3004,0.1321,0,low,0
2627,0.0985,0,low,0
1348,0.1146,0,low,1
5626,0.0951,0,low,0
674,0.245,0,low,0
9983,0.1797,0,low,0
32478,0.1059,0,low,0
18391,0.1555,0,low,0
30865,0.3058,0,medium,0
33754,0.4342,0,medium,0
21137,0.0926,0,low,0
38181,0.8567,1,high,0
14991,0.4413,0,medium,0
5900,0.094,0,low,0
39530,0.8746,1,high,1
13353,0.3534,0,medium,0
23814,0.1892,0,low,0
24979,0.1957,0,low,0
4821,0.0198,0,low,0
23416,0.2264,0,low,0
14085,0.3562,0,medium,0
26512,0.3501,0,medium,0
14575,0.2079,0,low,0
30325,0.862,1,high,0
5333,0.2254,0,low,0
39992,0.8611,1,high,1
35636,0.2283,0,low,0
23292,0.1709,0,low,0
31113,0.1531,0,low,0
15651,0.3544,0,medium,0
17782,0.1283,0,low,0
6438,0.123,0,low,0
39650,0.9783,1,high,1
18400,0.0741,0,low,0
15552,0.3106,0,medium,0
21692,0.1447,0,low,0
15832,0.3611,0,medium,0
25495,0.3641,0,medium,0
4235,0.1214,0,low,0
22124,0.2398,0,low,0
30811,0.4349,0,medium,0
8190,0.2009,0,low,0
26790,0.1297,0,low,0
15794,0.0747,0,low,0
28263,0.6383,0,medium,0
13747,0.2569,0,low,0
2373,0.1088,0,low,0
14219,0.2644,0,low,0
15995,0.2916,0,low,0
38026,0.8613,1,high,1
1369,0.1567,0,low,0
32581,0.1854,0,low,0
7346,0.1332,0,low,0
29928,0.1606,0,low,0
16036,0.3194,0,medium,0
19213,0.3703,0,medium,0
16973,0.4468,0,medium,0
18581,0.4878,0,medium,0
37907,0.9356,1,high,0
13807,0.3994,0,medium,1
12630,0.3584,0,medium,0
28526,0.3485,0,medium,0
1454,0.0899,0,low,0
30600,0.1421,0,low,0
23267,0.2987,0,low,1
16496,0.1806,0,low,0
25712,0.2612,0,low,0
40165,0.8453,1,high,1
10211,0.2412,0,low,0
31023,0.2427,0,low,0
32205,0.1122,0,low,0
9231,0.1412,0,low,0
17316,0.213,0,low,0
31652,0.3998,0,medium,1
19708,0.0789,0,low,0
22111,0.2313,0,low,0
27344,0.366,0,medium,0
11098,0.195,0,low,0
30596,0.7394,1,high,0
6560,0.1853,0,low,0
32523,0.4978,0,medium,0
4400,0.1369,0,low,0
31262,0.1872,0,low,0
6412,0.0448,0,low,0
39245,0.921,1,high,1
22341,0.2066,0,low,0
20000,0.3454,0,medium,0
29460,0.1794,0,low,0
29901,0.0568,0,low,0
34364,0.2059,0,low,1
17141,0.2389,0,low,0
39665,0.8701,1,high,0
26513,0.2566,0,low,0
40758,0.9047,1,high,1
10050,0.1568,0,low,0
39097,0.8244,1,high,0
35710,0.2166,0,low,0
36293,0.7537,1,high,0
3093,0.4829,0,medium,0
1016,0.1822,0,low,0
22873,0.079,0,low,0
31910,0.247,0,low,0
20489,0.1917,0,low,0
31124,0.3609,0,medium,0
34027,0.4762,0,medium,0
5082,0.1555,0,low,0
35951,0.5581,0,medium,0
11725,0.2397,0,low,0
10168,0.4721,0,medium,0
32221,0.4126,0,medium,0
36751,0.9306,1,high,0
12382,0.3964,0,medium,0
27704,0.8456,1,high,1
516,0.1083,0,low,0
14558,0.4371,0,medium,0
26550,0.2832,0,low,0
38643,0.9081,1,high,1
15855,0.1035,0,low,0
9860,0.1745,0,low,0
11604,0.2232,0,low,0
35799,0.4101,0,medium,0
25325,0.1094,0,low,0
15865,0.0959,0,low,0
10948,0.2927,0,low,0
31979,0.3432,0,medium,0
34361,0.0132,0,low,0
9014,0.2431,0,low,0
2194,0.1215,0,low,0
31971,0.1439,0,low,0
30644,0.9312,1,high,1
4971,0.299,0,low,0
35692,0.2835,0,low,0
4619,0.2266,0,low,0
6675,0.0731,0,low,0
15652,0.2544,0,low,0
33817,0.3584,0,medium,0
26523,0.3668,0,medium,1
19806,0.3231,0,medium,0
30033,0.6504,1,high,1
24462,0.1774,0,low,0
29428,0.4732,0,medium,0
3891,0.2294,0,low,0
16867,0.1908,0,low,1
1856,0.1153,0,low,0
28845,0.3955,0,medium,0
13128,0.4024,0,medium,0
17098,0.2919,0,low,0
12426,0.2622,0,low,0
17718,0.2021,0,low,0
37218,0.8158,1,high,1
39832,0.4606,0,medium,0
18063,0.0386,0,low,0
31417,0.2319,0,low,0
12121,0.2436,0,low,0
10855,0.0655,0,low,0
6587,0.1553,0,low,0
36850,0.7791,1,high,1
18478,0.1338,0,low,0
2662,0.1761,0,low,0
36073,0.471,0,medium,0
10449,0.1694,0,low,0
24764,0.1503,0,low,0
5801,0.1874,0,low,0
24507,0.1611,0,low,0
38292,0.7623,1,high,0
12749,0.3292,0,medium,0
2146,0.1121,0,low,0
32846,0.2184,0,low,0
742,0.2719,0,low,0
11969,0.2854,0,low,0
19165,0.3314,0,medium,0
4563,0.0434,0,low,0
10037,0.0187,0,low,0
32607,0.2073,0,low,0
40958,0.9542,1,high,0
31916,0.1525,0,low,0
13647,0.3363,0,medium,0
14548,0.1688,0,low,0
19157,0.2002,0,low,0
40532,0.2151,0,low,0
39014,0.9799,1,high,1
10872,0.2081,0,low,0
30199,0.8413,1,high,0
35302,0.0197,0,low,0
38291,0.6974,1,high,0
29915,0.2451,0,low,0
31649,0.0844,0,low,0
8545,0.2423,0,low,0
22951,0.2794,0,low,0
168,0.1084,0,low,0
20222,0.1932,0,low,0
12349,0.1331,0,low,0
32694,0.3415,0,medium,0
32503,0.2295,0,low,0
11132,0.1212,0,low,0
8199,0.1493,0,low,0
18162,0.1787,0,low,0
17117,0.2921,0,low,0
21695,0.2146,0,low,0
8865,0.414,0,medium,0
37065,0.9101,1,high,0
4873,0.1175,0,low,0
35849,0.6019,0,medium,0
34250,0.0945,0,low,0
5741,0.1403,0,low,0
22626,0.2717,0,low,0
141,0.1093,0,low,0
15592,0.1425,0,low,0
9374,0.2245,0,low,0
7007,0.1447,0,low,0
31330,0.2446,0,low,0
2488,0.0993,0,low,0
37177,0.5874,0,medium,0
3871,0.1552,0,low,0
2631,0.0088,0,low,0
2762,0.0411,0,low,0
7843,0.3009,0,medium,0
22608,0.2493,0,low,0
3317,0.2382,0,low,0
7683,0.2091,0,low,0
20593,0.392,0,medium,0
11946,0.2561,0,low,0
40406,0.893,1,high,1
6866,0.2142,0,low,0
11827,0.0115,0,low,0
36618,0.7939,1,high,1
34109,0.5016,0,medium,0
19246,0.3495,0,medium,0
35664,0.4724,0,medium,1
31730,0.2098,0,low,0
4762,0.1704,0,low,0
39878,0.2232,0,low,0
37264,0.925,1,high,0
31513,0.1601,0,low,0
38978,0.5379,0,medium,0
382,0.1696,0,low,0
26812,0.3043,0,medium,0
18657,0.1702,0,low,0
33137,0.1853,0,low,0
7268,0.1364,0,low,0
23884,0.2393,0,low,0
24959,0.2261,0,low,0
38793,0.3772,0,medium,1
8701,0.2129,0,low,0
1620,0.1868,0,low,0
15173,0.3492,0,medium,0
5699,0.3041,0,medium,1
17283,0.3348,0,medium,0
22336,0.224,0,low,0
9471,0.0828,0,low,0
16580,0.2464,0,low,0
6581,0.0835,0,low,0
4979,0.0934,0,low,0
9812,0.2818,0,low,0
28624,0.582,0,medium,1
35279,0.046,0,low,0
7119,0.2503,0,low,0
4355,0.1731,0,low,0
3854,0.1365,0,low,1
4100,0.2266,0,low,0
13612,0.2592,0,low,0
15899,0.2458,0,low,0
11744,0.2802,0,low,0
28620,0.4583,0,medium,0
197,0.1547,0,low,0
13740,0.3335,0,medium,0
9015,0.2518,0,low,0
9437,0.0934,0,low,0
35854,0.7309,1,high,0
159,0.1448,0,low,0
10748,0.1738,0,low,0
4706,0.0762,0,low,0
35013,0.3233,0,medium,1
5696,0.1045,0,low,0
1555,0.1611,0,low,0
28645,0.7598,1,high,0
29739,0.4543,0,medium,1
37190,0.8145,1,high,0
13366,0.173,0,low,0
16692,0.1102,0,low,0
11561,0.1519,0,low,0
11448,0.2503,0,low,0
20125,0.0732,0,low,0
34044,0.4361,0,medium,0
36439,0.5545,0,medium,1
12168,0.1152,0,low,0
21466,0.1821,0,low,0
16909,0.3386,0,medium,0
26765,0.1391,0,low,0
36223,0.4932,0,medium,0
34088,0.6259,0,medium,1
8887,0.2904,0,low,0
14658,0.4087,0,medium,0
4967,0.1313,0,low,0
961,0.181,0,low,0
24834,0.2813,0,low,0
26957,0.3301,0,medium,0
26681,0.3301,0,medium,0
35468,0.093,0,low,0
9317,0.2253,0,low,0
6022,0.1619,0,low,0
6817,0.0475,0,low,0
7956,0.2329,0,low,0
18566,0.4016,0,medium,0
27477,0.1145,0,low,0
35274,0.3207,0,medium,0
12250,0.0194,0,low,0
13235,0.148,0,low,0
1049,0.0432,0,low,0
250,0.0832,0,low,0
6064,0.1994,0,low,0
25187,0.2149,0,low,0
26647,0.3274,0,medium,0
21317,0.2928,0,low,0
35364,0.3792,0,medium,0
11835,0.1936,0,low,0
31833,0.134,0,low,0
13614,0.4905,0,medium,0
11849,0.1891,0,low,0
6031,0.1575,0,low,0
8539,0.2112,0,low,0
4788,0.171,0,low,0
14183,0.2779,0,low,0
26327,0.3802,0,medium,0
5365,0.1646,0,low,0
14192,0.1264,0,low,0
20758,0.4286,0,medium,0
19758,0.3666,0,medium,0
7952,0.1944,0,low,1
40621,0.7922,1,high,0
8940,0.2167,0,low,0
8588,0.3574,0,medium,0
2534,0.0508,0,low,0
36870,0.7591,1,high,1
34667,0.5012,0,medium,1
35815,0.5017,0,medium,0
3822,0.2496,0,low,0
16277,0.3646,0,medium,0
13526,0.2583,0,low,0
41163,0.9639,1,high,1
8286,0.1186,0,low,0
23010,0.1942,0,low,0
20584,0.5795,0,medium,0
39885,0.8825,1,high,1
1101,0.1005,0,low,0
8233,0.1535,0,low,1
20604,0.2598,0,low,0
23570,0.2879,0,low,0
15904,0.2375,0,low,0
23453,0.1548,0,low,0
13525,0.2211,0,low,0
30064,0.5909,0,medium,0
34745,0.0462,0,low,0
4310,0.2133,0,low,0
29871,0.3897,0,medium,0
19548,0.2252,0,low,0
18888,0.0804,0,low,0
20996,0.349,0,medium,0
36677,0.8471,1,high,1
23005,0.3444,0,medium,0
1035,0.1713,0,low,0
40585,0.8944,1,high,1
31643,0.1006,0,low,0
14317,0.1218,0,low,0
28108,0.5041,0,medium,0
28722,0.5793,0,medium,0
870,0.0934,0,low,1
27260,0.3296,0,medium,0
31722,0.1632,0,low,0
32698,0.4788,0,medium,0
13750,0.3076,0,medium,0
14407,0.2958,0,low,0
19533,0.3337,0,medium,0
37210,0.811,1,high,0
13460,0.3765,0,medium,1
25896,0.4069,0,medium,0
13752,0.1899,0,low,0
38885,0.8634,1,high,1
34154,0.084,0,low,0
1227,0.1617,0,low,0
1150,0.2387,0,low,0
39423,0.7531,1,high,1
33998,0.2115,0,low,0
12360,0.4666,0,medium,0
36493,0.8421,1,high,1
13912,0.1093,0,low,0
37319,0.6601,1,high,0
10237,0.0885,0,low,0
18230,0.3696,0,medium,0
15263,0.3554,0,medium,0
11013,0.204,0,low,0
2844,0.0859,0,low,0
6287,0.1036,0,low,0
16234,0.3049,0,medium,0
39351,0.8714,1,high,0
30066,0.7589,1,high,0
27650,0.3597,0,medium,0
18500,0.0037,0,low,0
4558,0.0816,0,low,0
40276,0.9885,1,high,1
38715,0.9762,1,high,1
27785,0.875,1,high,0
7865,0.278,0,low,0
25247,0.1492,0,low,0
14701,0.213,0,low,0
12428,0.3254,0,medium,0
14759,0.3225,0,medium,0
41146,0.869,1,high,1
25075,0.0223,0,low,0
11804,0.1715,0,low,0
10076,0.3443,0,medium,1
2388,0.1026,0,low,0
14393,0.4291,0,medium,0
17794,0.3081,0,medium,0
11282,0.2052,0,low,0
38034,0.9469,1,high,1
13751,0.2543,0,low,0
39551,0.8601,1,high,1
11529,0.1422,0,low,1
1727,0.2045,0,low,0
11029,0.2345,0,low,0
36058,0.6399,0,medium,0
16376,0.236,0,low,0
26893,0.3578,0,medium,0
32898,0.0578,0,low,0
27734,0.8863,1,high,1
14552,0.1616,0,low,0
1677,0.2971,0,low,0
4018,0.2358,0,low,0
2404,0.1089,0,low,0
23523,0.2911,0,low,0
4447,0.1297,0,low,0
40413,0.9554,1,high,1
23139,0.1364,0,low,0
6717,0.083,0,low,0
7217,0.2397,0,low,0
2709,0.2156,0,low,0
34155,0.4366,0,medium,0
37778,0.5097,0,medium,0
39967,0.922,1,high,0
33585,0.2386,0,low,0
1687,0.214,0,low,0
19578,0.3451,0,medium,0
39472,0.8935,1,high,1
5614,0.1147,0,low,0
34064,0.316,0,medium,0
31942,0.107,0,low,0
32005,0.3326,0,medium,0
13435,0.1562,0,low,0
35982,0.5978,0,medium,0
33075,0.4286,0,medium,0
17119,0.2471,0,low,0
7124,0.1579,0,low,0
39863,0.6478,0,medium,1
38482,0.8677,1,high,0
20145,0.3749,0,medium,0
3355,0.1824,0,low,0
39374,0.5796,0,medium,0
18165,0.3288,0,medium,0
3033,0.1965,0,low,0
13506,0.3613,0,medium,0
38685,0.7331,1,high,1
370,0.1388,0,low,0
27500,0.2759,0,low,0
25583,0.2978,0,low,0
29759,0.2753,0,low,0
22588,0.1838,0,low,0
5101,0.1917,0,low,0
18028,0.1714,0,low,0
36882,0.6381,0,medium,0
9573,0.1862,0,low,0
38734,0.7799,1,high,0
28713,0.4244,0,medium,0
24926,0.3636,0,medium,0
9948,0.209,0,low,0
35546,0.562,0,medium,0
16712,0.2423,0,low,0
10023,0.2988,0,low,0
7375,0.2771,0,low,0
32324,0.102,0,low,0
28046,0.7166,1,high,1
18894,0.1956,0,low,0
14855,0.4586,0,medium,0
10167,0.3332,0,medium,0
12264,0.0471,0,low,1
19263,0.1765,0,low,0
26858,0.3701,0,medium,0
11510,0.2363,0,low,0
27351,0.2548,0,low,0
19262,0.1295,0,low,0
11955,0.1035,0,low,0
31755,0.1586,0,low,0
32032,0.3109,0,medium,1
2080,0.2028,0,low,0
17089,0.3097,0,medium,0
41104,0.3846,0,medium,0
28574,0.661,1,high,1
26830,0.2718,0,low,0
23533,0.2945,0,low,0
28133,0.2684,0,low,0
10756,0.2879,0,low,0
29837,0.1118,0,low,0
36052,0.1578,0,low,1
38471,0.5348,0,medium,0
9002,0.2023,0,low,0
1550,0.1865,0,low,0
34961,0.6151,0,medium,0
10711,0.115,0,low,0
20029,0.3185,0,medium,0
11668,0.1547,0,low,0
29388,0.1227,0,low,0
34188,0.5802,0,medium,0
38524,0.7492,1,high,0
34298,0.3554,0,medium,0
39869,0.7646,1,high,1
22066,0.3329,0,medium,0
1609,0.1711,0,low,0
7579,0.1999,0,low,0
8605,0.2251,0,low,0
32709,0.2617,0,low,0
11706,0.1613,0,low,0
6707,0.0798,0,low,0
31589,0.22,0,low,0
13156,0.5098,0,medium,0
2661,0.1409,0,low,0
28372,0.4512,0,medium,0
18707,0.1815,0,low,0
29904,0.096,0,low,0
26087,0.0472,0,low,0
7250,0.1356,0,low,0
39145,0.9013,1,high,1
39785,0.6862,1,high,1
14698,0.1532,0,low,0
24823,0.24,0,low,0
12080,0.2406,0,low,0
18864,0.0296,0,low,0
5170,0.0853,0,low,0
28192,0.6554,1,high,1
6968,0.1965,0,low,0
7162,0.2111,0,low,1
33616,0.2454,0,low,0
2409,0.0915,0,low,0
7149,0.218,0,low,0
11592,0.4278,0,medium,0
20970,0.2204,0,low,0
20521,0.2652,0,low,0
20272,0.2958,0,low,0
34124,0.3457,0,medium,0
7594,0.1897,0,low,0
34306,0.4816,0,medium,0
32647,0.0088,0,low,0
28285,0.7009,1,high,0
11131,0.1505,0,low,0
19935,0.3159,0,medium,0
12944,0.1772,0,low,0
25127,0.26,0,low,0
13779,0.3303,0,medium,0
11859,0.368,0,medium,0
39155,0.8924,1,high,1
38117,0.836,1,high,1
18896,0.0488,0,low,0
38049,0.705,1,high,0
21596,0.1028,0,low,0
16719,0.3348,0,medium,0
8585,0.2385,0,low,0
20338,0.2996,0,low,0
38971,0.7311,1,high,0
37491,0.7703,1,high,0
628,0.0774,0,low,0
29691,0.6916,1,high,0
21883,0.209,0,low,0
6892,0.1709,0,low,0
34728,0.3481,0,medium,0
17151,0.306,0,medium,0
32578,0.5444,0,medium,0
2093,0.1495,0,low,0
7738,0.2152,0,low,0
35883,0.7523,1,high,1
39680,0.9778,1,high,1
17124,0.2984,0,low,0
12771,0.332,0,medium,0
31084,0.4182,0,medium,0
36319,0.8378,1,high,0
312,0.1166,0,low,0
39296,0.9387,1,high,0
13104,0.4241,0,medium,0
18959,0.0253,0,low,0
19389,0.2566,0,low,0
20735,0.2444,0,low,0
4251,0.1627,0,low,0
22670,0.1853,0,low,0
27841,0.9014,1,high,0
21606,0.1753,0,low,0
39968,0.4928,0,medium,0
15540,0.413,0,medium,0
27958,0.5852,0,medium,1
6177,0.1394,0,low,0
19957,0.4245,0,medium,0
30902,0.126,0,low,0
36602,0.837,1,high,1
13186,0.2197,0,low,1
13295,0.3737,0,medium,0
29108,0.2086,0,low,0
4257,0.1226,0,low,0
283,0.1568,0,low,0
32947,0.4906,0,medium,0
20079,0.2761,0,low,0
38797,0.9365,1,high,1
314,0.2084,0,low,0
37844,0.7929,1,high,0
38264,0.5621,0,medium,0
34526,0.1012,0,low,0
28007,0.7325,1,high,0
2775,0.3,0,medium,1
24365,0.1542,0,low,0
14530,0.2491,0,low,0
11294,0.1474,0,low,0
5975,0.1715,0,low,0
36795,0.8303,1,high,0
38988,0.7855,1,high,0
16272,0.2609,0,low,0
28522,0.4266,0,medium,0
25568,0.2315,0,low,0
34279,0.467,0,medium,0
1332,0.1456,0,low,0
36777,0.7291,1,high,1
26248,0.3506,0,medium,0
3393,0.1121,0,low,0
39461,0.9583,1,high,0
6344,0.1489,0,low,0
33145,0.3319,0,medium,0
25797,0.2803,0,low,0
24037,0.8658,1,high,1
8468,0.1612,0,low,0
14854,0.4346,0,medium,0
19440,0.5469,0,medium,1
14713,0.0517,0,low,0
16608,0.4019,0,medium,0
31028,0.3182,0,medium,0
11189,0.2477,0,low,0
26322,0.1494,0,low,0
17970,0.1729,0,low,0
40003,0.8595,1,high,0
6407,0.0513,0,low,0
10518,0.216,0,low,0
14639,0.1994,0,low,1
32423,0.2596,0,low,0
26068,0.299,0,low,0
24667,0.3191,0,medium,0
19635,0.3812,0,medium,0
40166,0.9641,1,high,0
26982,0.2126,0,low,0
6078,0.1237,0,low,0
34943,0.5467,0,medium,0
14007,0.3801,0,medium,0
29450,0.1438,0,low,0
24283,0.0709,0,low,0
34683,0.2112,0,low,0
13477,0.1726,0,low,0
17507,0.5339,0,medium,0
28551,0.3351,0,medium,0
17918,0.0405,0,low,1
35028,0.5152,0,medium,0
19668,0.2965,0,low,0
8105,0.0821,0,low,0
38032,0.81,1,high,0
6184,0.195,0,low,0
22498,0.2082,0,low,0
30264,0.7605,1,high,0
38628,0.4177,0,medium,1
17500,0.4144,0,medium,0
39500,0.937,1,high,1
9539,0.2891,0,low,0
21215,0.3408,0,medium,0
11794,0.0307,0,low,0
24565,0.1019,0,low,0
32562,0.0936,0,low,0
21930,0.2254,0,low,0
1070,0.0736,0,low,0
34438,0.4618,0,medium,0
14749,0.4394,0,medium,0
1781,0.2316,0,low,0
9970,0.2993,0,low,0
17394,0.3422,0,medium,0
212,0.1324,0,low,0
37227,0.7871,1,high,1
2040,0.0947,0,low,0
5898,0.1578,0,low,0
6558,0.2004,0,low,0
33307,0.3858,0,medium,0
39945,0.8274,1,high,0
13916,0.3854,0,medium,0
29361,0.3364,0,medium,0
156,0.1337,0,low,0
20781,0.2852,0,low,0
31805,0.2147,0,low,0
24193,0.2869,0,low,0
10553,0.2484,0,low,0
40567,0.9787,1,high,1
7196,0.1847,0,low,0
4907,0.369,0,medium,0
19685,0.4678,0,medium,0
195,0.1211,0,low,0
39849,0.9149,1,high,1
1665,0.31,0,medium,0
23810,0.08,0,low,0
25654,0.2989,0,low,1
13233,0.294,0,low,0
32280,0.6286,0,medium,0
5499,0.0817,0,low,0
19885,0.3347,0,medium,0
16560,0.3347,0,medium,1
18084,0.4871,0,medium,0
30421,0.7445,1,high,1
20535,0.4912,0,medium,0
7343,0.2686,0,low,0
14603,0.3037,0,medium,0
32461,0.4625,0,medium,0
4372,0.1429,0,low,0
4866,0.1391,0,low,0
16171,0.3006,0,medium,0
25837,0.3162,0,medium,0
33803,0.3796,0,medium,0
24200,0.3567,0,medium,0
34433,0.222,0,low,1
21053,0.2999,0,low,0
10895,0.2586,0,low,0
16850,0.2895,0,low,0
27966,0.2879,0,low,0
12726,0.543,0,medium,0
37494,0.727,1,high,0
39016,0.8416,1,high,0
26262,0.4675,0,medium,0
3818,0.2671,0,low,0
39834,0.9107,1,high,1
23587,0.2671,0,low,0
7396,0.1873,0,low,0
31329,0.3232,0,medium,0
15458,0.4887,0,medium,0
32156,0.1963,0,low,0
32612,0.4575,0,medium,0
20385,0.4606,0,medium,0
24791,0.2561,0,low,0
16005,0.4096,0,medium,0
36561,0.8534,1,high,1
11976,0.2295,0,low,0
33573,0.1858,0,low,0
4551,0.2612,0,low,0
24779,0.0635,0,low,0
30170,0.8101,1,high,0
9226,0.1774,0,low,0
29338,0.0679,0,low,0
34652,0.4636,0,medium,1
34031,0.3442,0,medium,0
19530,0.1735,0,low,0
7696,0.3048,0,medium,0
18392,0.1169,0,low,0
27596,0.2945,0,low,0
3230,0.2052,0,low,0
3936,0.2149,0,low,0
13443,0.3281,0,medium,0
28501,0.3373,0,medium,0
5951,0.1426,0,low,0
5577,0.0993,0,low,0
8357,0.2393,0,low,0
28471,0.6543,1,high,1
12127,0.2314,0,low,0
16970,0.1329,0,low,0
35813,0.6749,1,high,1
21092,0.2386,0,low,0
37443,0.8501,1,high,0
2773,0.2553,0,low,0
11856,0.1853,0,low,0
36096,0.5011,0,medium,0
16424,0.3816,0,medium,0
39482,0.9182,1,high,0
40550,0.8707,1,high,0
426,0.1254,0,low,0
872,0.1816,0,low,0
35674,0.3825,0,medium,0
32372,0.3387,0,medium,0
16718,0.2162,0,low,0
38004,0.8733,1,high,1
720,0.1616,0,low,0
29863,0.7524,1,high,0
25123,0.2227,0,low,0
29309,0.4652,0,medium,0
31742,0.3209,0,medium,0
23484,0.125,0,low,0
23532,0.2276,0,low,0
692,0.175,0,low,0
18493,0.1337,0,low,0
15867,0.1253,0,low,0
4795,0.1576,0,low,0
40942,0.9682,1,high,1
12920,0.3164,0,medium,0
34563,0.3486,0,medium,0
8934,0.1502,0,low,0
23842,0.2736,0,low,0
33288,0.0687,0,low,0
6484,0.1791,0,low,0
7771,0.2116,0,low,0
26851,0.4314,0,medium,0
34241,0.4857,0,medium,0
39786,0.7363,1,high,1
9659,0.1869,0,low,0
41060,0.1792,0,low,0
4948,0.0023,0,low,0
10580,0.0958,0,low,0
18439,0.031,0,low,0
17415,0.2195,0,low,0
23719,0.0814,0,low,0
29626,0.789,1,high,0
21599,0.231,0,low,0
11440,0.2738,0,low,0
26069,0.2186,0,low,0
6602,0.2137,0,low,0
20080,0.2247,0,low,1
22691,0.3182,0,medium,0
37643,0.8737,1,high,1
40490,0.953,1,high,1
25507,0.2272,0,low,0
30556,0.6346,0,medium,0
25716,0.2504,0,low,0
19133,0.0449,0,low,0
1235,0.0729,0,low,0
35357,0.4432,0,medium,0
29958,0.103,0,low,0
30796,0.4097,0,medium,0
36554,0.8732,1,high,0
21104,0.3572,0,medium,0
27254,0.4513,0,medium,0
16399,0.317,0,medium,0
5564,0.0501,0,low,0
24592,0.3216,0,medium,0
8696,0.0264,0,low,0
33955,0.5052,0,medium,0
1978,0.1708,0,low,0
11145,0.1013,0,low,0
23518,0.283,0,low,0
213,0.0894,0,low,0
6356,0.176,0,low,0
22156,0.2079,0,low,0
3525,0.1515,0,low,0
11839,0.1224,0,low,0
8422,0.0916,0,low,0
29862,0.1744,0,low,0
35635,0.5187,0,medium,0
39962,0.3286,0,medium,1
37476,0.6666,1,high,0
8782,0.2176,0,low,0
25649,0.208,0,low,0
13957,0.1895,0,low,0
6505,0.2519,0,low,0
22082,0.3347,0,medium,0
5648,0.1706,0,low,0
28850,0.4483,0,medium,0
31493,0.1629,0,low,0
24302,0.1784,0,low,0
20865,0.2226,0,low,0
14419,0.1812,0,low,0
8719,0.2829,0,low,0
16883,0.2448,0,low,0
30731,0.3642,0,medium,0
7148,0.0923,0,low,0
20323,0.4076,0,medium,0
40288,0.9795,1,high,0
2776,0.166,0,low,0
8891,0.2285,0,low,0
30440,0.1839,0,low,0
4503,0.1294,0,low,0
12608,0.2474,0,low,0
2723,0.0936,0,low,0
32404,0.165,0,low,0
39022,0.8671,1,high,0
39229,0.9482,1,high,0
20178,0.4573,0,medium,1
5886,0.0866,0,low,0
37365,0.6065,0,medium,0
1923,0.1149,0,low,0
21290,0.1518,0,low,0
29582,0.38,0,medium,0
2083,0.0623,0,low,0
1418,0.1036,0,low,0
10565,0.1492,0,low,0
22199,0.3373,0,medium,0
29173,0.6084,0,medium,0
30696,0.2991,0,low,0
735,0.1342,0,low,0
32973,0.1048,0,low,0
23295,0.4982,0,medium,1
14840,0.1547,0,low,0
15745,0.3676,0,medium,0
38445,0.9341,1,high,1
33765,0.3213,0,medium,1
31557,0.1393,0,low,0
11661,0.0387,0,low,0
23745,0.1361,0,low,0
4504,0.1441,0,low,0
35512,0.2436,0,low,0
22153,0.2381,0,low,0
38924,0.8851,1,high,0
40269,0.1785,0,low,0
6641,0.2189,0,low,0
7220,0.1158,0,low,0
15821,0.2645,0,low,0
9340,0.1671,0,low,0
22913,0.2951,0,low,0
4584,0.2291,0,low,0
30305,0.8172,1,high,0
19939,0.4386,0,medium,0
12024,0.2239,0,low,0
36300,0.7623,1,high,1
9475,0.18,0,low,0
28444,0.1798,0,low,0
17035,0.1688,0,low,1
30858,0.0736,0,low,0
6684,0.1972,0,low,0
8479,0.2573,0,low,0
28064,0.2108,0,low,0
5264,0.2783,0,low,0
41000,0.3933,0,medium,1
17923,0.3124,0,medium,0
40016,0.8164,1,high,0
37292,0.9089,1,high,1
5880,0.166,0,low,0
24509,0.2045,0,low,0
24994,0.2108,0,low,0
31229,0.2636,0,low,0
22487,0.2691,0,low,1
27013,0.1974,0,low,0
25018,0.1059,0,low,0
347,0.1374,0,low,0
27062,0.4381,0,medium,0
22457,0.0803,0,low,0
8065,0.1515,0,low,0
24050,0.8894,1,high,1
39049,0.8132,1,high,0
4069,0.2125,0,low,0
23770,0.1872,0,low,0
14686,0.3913,0,medium,1
37205,0.7627,1,high,1
33756,0.4109,0,medium,0
7941,0.156,0,low,0
7584,0.1582,0,low,0
26813,0.3796,0,medium,0
24948,0.3817,0,medium,0
31994,0.3425,0,medium,0
28802,0.4901,0,medium,0
15183,0.2867,0,low,0
25157,0.1539,0,low,0
38412,0.4335,0,medium,0
34805,0.1529,0,low,0
32388,0.4473,0,medium,0
39506,0.9019,1,high,0
38975,0.7239,1,high,1
878,0.3192,0,medium,0
19825,0.2159,0,low,0
11146,0.1836,0,low,0
35461,0.4282,0,medium,0
7460,0.1664,0,low,0
2444,0.1495,0,low,1
16325,0.4125,0,medium,0
35901,0.7301,1,high,0
21925,0.2969,0,low,0
39032,0.9171,1,high,1
37613,0.685,1,high,1
40160,0.9684,1,high,0
24506,0.2706,0,low,0
15562,0.3347,0,medium,0
31819,0.2931,0,low,0
17935,0.3266,0,medium,0
34605,0.4313,0,medium,0
24467,0.0522,0,low,0
28622,0.6134,0,medium,0
7949,0.1049,0,low,0
37176,0.4585,0,medium,0
39100,0.7256,1,high,0
13900,0.4167,0,medium,0
20395,0.3527,0,medium,1
39820,0.9438,1,high,1
16564,0.3656,0,medium,0
11142,0.1662,0,low,0
36266,0.8552,1,high,0
28663,0.1799,0,low,0
11127,0.2026,0,low,0
31338,0.1577,0,low,0
17339,0.3337,0,medium,0
30725,0.3151,0,medium,0
29946,0.2428,0,low,0
25487,0.353,0,medium,0
25833,0.1564,0,low,0
18334,0.0604,0,low,0
35446,0.3219,0,medium,0
39116,0.8159,1,high,1
29696,0.3885,0,medium,0
38107,0.7861,1,high,1
32068,0.0454,0,low,0
19017,0.2773,0,low,0
28803,0.6948,1,high,0
4981,0.1309,0,low,0
7103,0.1883,0,low,0
34915,0.3755,0,medium,1
17920,0.0662,0,low,1
20077,0.2451,0,low,0
7194,0.0926,0,low,0
31569,0.0871,0,low,0
100,0.1449,0,low,0
7589,0.2205,0,low,0
38541,0.834,1,high,1
15917,0.4584,0,medium,0
38814,0.7627,1,high,0
23501,0.3568,0,medium,0
23281,0.0018,0,low,0
16663,0.3394,0,medium,0
40173,0.9837,1,high,0
2125,0.0949,0,low,0
8772,0.2125,0,low,0
3478,0.0957,0,low,0
4953,0.1602,0,low,0
17754,0.1127,0,low,0
20858,0.2011,0,low,0
7628,0.1715,0,low,0
11482,0.3188,0,medium,0
3835,0.1757,0,low,0
32935,0.3002,0,medium,0
17025,0.3244,0,medium,0
37874,0.7159,1,high,0
12946,0.3614,0,medium,0
33701,0.1211,0,low,0
10143,0.3356,0,medium,0
24656,0.046,0,low,0
23353,0.3464,0,medium,0
10854,0.2023,0,low,0
35315,0.0579,0,low,0
16725,0.138,0,low,0
6501,0.1155,0,low,0
14172,0.3995,0,medium,0
20554,0.4399,0,medium,0
13495,0.3515,0,medium,0
15547,0.4194,0,medium,0
21022,0.1962,0,low,0
26607,0.3701,0,medium,0
6998,0.1352,0,low,0
4774,0.1254,0,low,0
22688,0.1618,0,low,0
13568,0.262,0,low,0
1722,0.1411,0,low,0
20854,0.1955,0,low,0
39689,0.8307,1,high,0
14800,0.5846,0,medium,0
5965,0.1493,0,low,0
14264,0.4119,0,medium,0
27665,0.1602,0,low,0
6981,0.0655,0,low,0
23708,0.2069,0,low,0
11275,0.125,0,low,0
16436,0.2506,0,low,0
31233,0.3287,0,medium,0
12398,0.282,0,low,0
33196,0.4631,0,medium,0
30830,0.4949,0,medium,0
23779,0.1807,0,low,0
7945,0.0219,0,low,0
25764,0.0504,0,low,0
22155,0.1491,0,low,0
22134,0.231,0,low,0
16759,0.2714,0,low,0
30579,0.1117,0,low,0
21220,0.2318,0,low,0
2089,0.1395,0,low,0
31045,0.159,0,low,0
25442,0.2544,0,low,0
16208,0.0929,0,low,0
31721,0.244,0,low,0
5038,0.0889,0,low,0
1475,0.1968,0,low,0
8676,0.2035,0,low,0
12385,0.5563,0,medium,1
28352,0.8102,1,high,1
34609,0.4239,0,medium,0
28882,0.3203,0,medium,0
33255,0.3722,0,medium,0
26111,0.316,0,medium,0
37997,0.7927,1,high,1
20116,0.189,0,low,0
3821,0.1765,0,low,0
23644,0.1389,0,low,0
8551,0.4325,0,medium,0
35433,0.3201,0,medium,1
5610,0.1186,0,low,0
4627,0.1594,0,low,0
22980,0.4682,0,medium,0
12919,0.1503,0,low,0
37358,0.8625,1,high,0
33315,0.1486,0,low,0
28658,0.6738,1,high,0
32646,0.1579,0,low,0
29284,0.4747,0,medium,1
9385,0.1116,0,low,0
26171,0.1635,0,low,0
21233,0.2971,0,low,0
27427,0.3691,0,medium,0
13145,0.136,0,low,0
33884,0.4496,0,medium,1
38833,0.8981,1,high,0
29158,0.312,0,medium,0
27237,0.3469,0,medium,0
17909,0.1999,0,low,0
39911,0.9226,1,high,1
21483,0.1068,0,low,0
40356,0.3464,0,medium,1
11192,0.2236,0,low,0
17807,0.3297,0,medium,0
31306,0.1847,0,low,0
4444,0.1432,0,low,0
30355,0.783,1,high,0
8722,0.2758,0,low,0
4195,0.1811,0,low,0
23574,0.1716,0,low,0
2958,0.1724,0,low,0
34412,0.4974,0,medium,0
14507,0.3683,0,medium,0
20923,0.2156,0,low,0
35902,0.06,0,low,0
30694,0.2294,0,low,0
6132,0.1478,0,low,0
25677,0.4232,0,medium,0
30375,0.7465,1,high,0
10536,0.418,0,medium,0
30944,0.2587,0,low,0
21767,0.3198,0,medium,0
31845,0.3137,0,medium,0
2291,0.1441,0,low,0
18586,0.0822,0,low,0
35618,0.2234,0,low,0
33738,0.2349,0,low,0
25058,0.2327,0,low,0
25626,0.2708,0,low,0
5872,0.1098,0,low,0
26139,0.2363,0,low,0
22533,0.2566,0,low,0
28636,0.0813,0,low,0
2879,0.3174,0,medium,0
18683,0.0069,0,low,0
34781,0.239,0,low,0
35319,0.5408,0,medium,0
27631,0.1571,0,low,0
40940,0.9152,1,high,1
34845,0.2479,0,low,0
6570,0.0894,0,low,0
32147,0.2289,0,low,0
31545,0.3109,0,medium,0
17348,0.2952,0,low,0
23129,0.1309,0,low,0
14968,0.4771,0,medium,0
12407,0.1818,0,low,0
1033,0.0771,0,low,0
28727,0.7582,1,high,0
28219,0.6524,1,high,0
25474,0.0373,0,low,0
35680,0.3671,0,medium,0
10567,0.2048,0,low,0
2991,0.1324,0,low,0
21090,0.2794,0,low,0
640,0.0929,0,low,0
13945,0.3794,0,medium,0
21938,0.2381,0,low,0
36421,0.6601,1,high,1
33164,0.2721,0,low,0
23721,0.2719,0,low,0
31120,0.145,0,low,0
35120,0.351,0,medium,0
19853,0.2605,0,low,0
17225,0.4407,0,medium,0
20800,0.2479,0,low,0
32076,0.3517,0,medium,0
29636,0.3935,0,medium,0
25927,0.0996,0,low,0
14721,0.3977,0,medium,0
33900,0.4215,0,medium,0
38549,0.7924,1,high,0
16065,0.2641,0,low,0
12437,0.2509,0,low,0
30711,0.2713,0,low,0
27873,0.814,1,high,1
33057,0.2819,0,low,0
33536,0.4167,0,medium,0
32767,0.2847,0,low,0
17021,0.115,0,low,0
28758,0.1546,0,low,0
36115,0.484,0,medium,0
8228,0.1056,0,low,0
19018,0.1796,0,low,1
39879,0.9102,1,high,1
6520,0.0835,0,low,1
15245,0.4355,0,medium,0
18666,0.1767,0,low,0
40452,0.9815,1,high,1
17955,0.2278,0,low,0
28445,0.414,0,medium,0
5914,0.0801,0,low,0
13685,0.4129,0,medium,1
18189,0.2473,0,low,0
12655,0.3034,0,medium,0
5929,0.1406,0,low,0
29157,0.3182,0,medium,1
37789,0.9057,1,high,1
8208,0.1706,0,low,0
22678,0.4119,0,medium,0
30397,0.8473,1,high,1
20263,0.3721,0,medium,0
30352,0.8501,1,high,0
28515,0.452,0,medium,0
19147,0.2675,0,low,0
9003,0.2358,0,low,1
40719,0.3831,0,medium,0
28333,0.6304,0,medium,0
19556,0.157,0,low,0
37232,0.8198,1,high,1
36524,0.732,1,high,0
398,0.1727,0,low,0
32730,0.3109,0,medium,1
11692,0.0385,0,low,0
31152,0.3171,0,medium,0
22175,0.2775,0,low,0
41007,0.9532,1,high,1
36031,0.744,1,high,0
5210,0.1997,0,low,0
18738,0.0671,0,low,0
15736,0.2575,0,low,0
3837,0.2294,0,low,0
30023,0.5837,0,medium,1
28948,0.2671,0,low,0
28025,0.4266,0,medium,0
13843,0.347,0,medium,0
11444,0.1848,0,low,1
11102,0.1549,0,low,0
30792,0.2982,0,low,0
3867,0.2853,0,low,0
17423,0.1447,0,low,0
28632,0.345,0,medium,1
29202,0.4394,0,medium,1
7550,0.1601,0,low,1
11899,0.0356,0,low,0
14867,0.3842,0,medium,0
31385,0.0643,0,low,0
38048,0.7996,1,high,0
10583,0.1876,0,low,0
31308,0.3523,0,medium,0
5913,0.1278,0,low,0
2652,0.1575,0,low,0
19568,0.2269,0,low,0
39418,0.8677,1,high,1
26720,0.2993,0,low,0
13490,0.2954,0,low,0
28262,0.5056,0,medium,0
13635,0.3635,0,medium,0
29614,0.3412,0,medium,0
30662,0.2236,0,low,0
9090,0.0734,0,low,0
30200,0.8978,1,high,1
20290,0.5471,0,medium,0
23967,0.2483,0,low,0
8584,0.1674,0,low,0
2658,0.2328,0,low,0
16293,0.0166,0,low,0
33821,0.2627,0,low,0
23891,0.2228,0,low,0
4557,0.0764,0,low,0
25486,0.1968,0,low,0
11123,0.1842,0,low,1
36608,0.7977,1,high,1
17703,0.2791,0,low,0
34706,0.5138,0,medium,0
5653,0.0465,0,low,0
36992,0.7875,1,high,0
4378,0.2589,0,low,0
28870,0.3903,0,medium,1
6492,0.0641,0,low,0
20038,0.2594,0,low,0
20044,0.1769,0,low,0
40257,0.8747,1,high,0
365,0.1652,0,low,0
9579,0.1554,0,low,0
31052,0.1631,0,low,0
40453,0.9067,1,high,0
39301,0.943,1,high,0
20464,0.3281,0,medium,0
41156,0.7719,1,high,1
10792,0.1927,0,low,0
24905,0.0549,0,low,0
37796,0.7233,1,high,0
23846,0.2411,0,low,0
35407,0.2398,0,low,0
29376,0.1772,0,low,0
3729,0.1861,0,low,0
36417,0.8163,1,high,0
226,0.1543,0,low,0
23593,0.2803,0,low,0
26814,0.2519,0,low,0
8966,0.234,0,low,0
18074,0.3024,0,medium,0
31920,0.1705,0,low,0
32217,0.2456,0,low,0
393,0.1228,0,low,0
37039,0.8265,1,high,0
24210,0.2161,0,low,0
40185,0.7124,1,high,0
35882,0.8032,1,high,1
1277,0.2486,0,low,0
33034,0.2171,0,low,0
14433,0.2763,0,low,0
38577,0.8819,1,high,0
26594,0.3093,0,medium,0
29898,0.2408,0,low,0
24786,0.1313,0,low,0
23524,0.1798,0,low,0
2397,0.2686,0,low,0
1479,0.1729,0,low,0
10499,0.0904,0,low,0
17558,0.2438,0,low,0
22125,0.2398,0,low,0
16933,0.2027,0,low,0
1583,0.1122,0,low,0
20887,0.294,0,low,0
3406,0.1514,0,low,0
17208,0.1399,0,low,0
33185,0.115,0,low,0
38438,0.947,1,high,1
14594,0.1579,0,low,0
1711,0.1403,0,low,0
20083,0.4295,0,medium,0
15265,0.15,0,low,0
1477,0.1664,0,low,0
19484,0.211,0,low,0
30780,0.5875,0,medium,0
17063,0.2507,0,low,0
20560,0.331,0,medium,0
4019,0.1912,0,low,0
6020,0.0983,0,low,0
20485,0.3127,0,medium,0
26817,0.3371,0,medium,0
18140,0.3239,0,medium,0
6327,0.0754,0,low,0
11760,0.2471,0,low,0
16648,0.4793,0,medium,0
12257,0.0466,0,low,0
37672,0.7179,1,high,0
27701,0.8414,1,high,0
36723,0.7436,1,high,1
11612,0.1919,0,low,0
8008,0.2355,0,low,0
3918,0.0978,0,low,0
34637,0.3856,0,medium,0
37226,0.6341,0,medium,0
23485,0.156,0,low,0
25659,0.1199,0,low,0
31832,0.4297,0,medium,0
34909,0.3331,0,medium,0
16181,0.3293,0,medium,0
10219,0.1879,0,low,0
3032,0.1584,0,low,0
23018,0.1939,0,low,0
24264,0.2622,0,low,0
13810,0.1135,0,low,0
1855,0.2456,0,low,0
35528,0.5252,0,medium,0
13792,0.4146,0,medium,1
17560,0.0794,0,low,0
18515,0.3958,0,medium,1
10463,0.2647,0,low,0
12901,0.4465,0,medium,0
16557,0.4937,0,medium,0
12893,0.472,0,medium,0
18897,0.3954,0,medium,0
27680,0.0868,0,low,0
9036,0.0426,0,low,0
4096,0.1281,0,low,0
30699,0.3649,0,medium,0
9362,0.2045,0,low,0
40424,0.9216,1,high,1
22736,0.5875,0,medium,0
17188,0.3357,0,medium,0
22075,0.1143,0,low,0
13908,0.2016,0,low,0
25509,0.5043,0,medium,0
15133,0.3223,0,medium,0
23398,0.3879,0,medium,0
31576,0.063,0,low,0
40227,0.8841,1,high,1
30741,0.3607,0,medium,0
21712,0.2015,0,low,0
17422,0.2761,0,low,0
39396,0.9766,1,high,1
5257,0.0731,0,low,0
13300,0.1983,0,low,0
19679,0.2392,0,low,0
8262,0.2627,0,low,0
8151,0.3464,0,medium,0
15461,0.4431,0,medium,0
16792,0.2602,0,low,1
9110,0.1942,0,low,0
11236,0.1848,0,low,0
5579,0.1466,0,low,0
1536,0.0973,0,low,0
39769,0.9513,1,high,0
11882,0.1298,0,low,0
38617,0.5607,0,medium,0
22669,0.3138,0,medium,0
13930,0.1931,0,low,0
1654,0.1804,0,low,0
558,0.1368,0,low,0
17898,0.2938,0,low,0
2031,0.0596,0,low,0
27941,0.8395,1,high,1
2152,0.1277,0,low,0
39914,0.7585,1,high,1
11509,0.1976,0,low,0
20286,0.3759,0,medium,0
15211,0.3238,0,medium,1
415,0.1536,0,low,0
4386,0.1883,0,low,0
5089,0.1575,0,low,0
21890,0.3106,0,medium,0
20396,0.4789,0,medium,0
19295,0.3431,0,medium,0
31575,0.2784,0,low,0
20318,0.154,0,low,0
9511,0.0511,0,low,0
39345,0.8507,1,high,0
37775,0.683,1,high,0
20131,0.171,0,low,0
23297,0.1643,0,low,0
18596,0.0389,0,low,0
538,0.3283,0,medium,0
38559,0.8248,1,high,0
13643,0.1982,0,low,0
16409,0.3601,0,medium,0
13547,0.1517,0,low,0
33952,0.498,0,medium,0
40584,0.5388,0,medium,1
3917,0.1779,0,low,0
18426,0.0543,0,low,0
13909,0.3607,0,medium,0
32027,0.2712,0,low,0
16886,0.3035,0,medium,0
19613,0.0625,0,low,0
30358,0.8354,1,high,0
30400,0.8008,1,high,1
8379,0.3181,0,medium,0
23758,0.1939,0,low,0
18174,0.3288,0,medium,1
15177,0.3034,0,medium,0
28677,0.1771,0,low,0
9519,0.2604,0,low,0
18721,0.1165,0,low,0
32756,0.0643,0,low,0
39814,0.3089,0,medium,0
25561,0.1048,0,low,0
19321,0.4029,0,medium,0
17278,0.3316,0,medium,0
16066,0.2258,0,low,0
36489,0.7634,1,high,0
17788,0.133,0,low,0
9417,0.2041,0,low,0
33234,0.3286,0,medium,0
35102,0.4423,0,medium,0
31322,0.2749,0,low,1
25844,0.0339,0,low,0
35583,0.2794,0,low,0
8085,0.2168,0,low,0
7515,0.2764,0,low,0
35947,0.5526,0,medium,0
29181,0.4609,0,medium,0
14506,0.3938,0,medium,0
2365,0.1861,0,low,0
29655,0.2305,0,low,1
29419,0.2336,0,low,0
10766,0.1269,0,low,0
12546,0.3104,0,medium,0
18185,0.4258,0,medium,0
13204,0.2245,0,low,0
26661,0.3519,0,medium,0
38513,0.657,1,high,0
40168,0.9598,1,high,1
29503,0.6267,0,medium,0
9889,0.4297,0,medium,0
11952,0.2557,0,low,0
38413,0.8411,1,high,0
8418,0.1761,0,low,0
26886,0.4168,0,medium,0
13791,0.2741,0,low,0
12341,0.1184,0,low,0
35520,0.5736,0,medium,0
12512,0.3132,0,medium,0
34604,0.5223,0,medium,0
22690,0.2347,0,low,0
27422,0.3708,0,medium,0
5956,0.1428,0,low,0
5535,0.2029,0,low,0
13918,0.501,0,medium,0
4964,0.148,0,low,0
1298,0.1828,0,low,0
27696,0.8543,1,high,0
1582,0.0873,0,low,0
4913,0.1369,0,low,0
13147,0.1695,0,low,0
26779,0.0435,0,low,0
6588,0.1611,0,low,0
22404,0.3606,0,medium,0
8977,0.2529,0,low,1
29594,0.1175,0,low,0
21680,0.1191,0,low,0
30003,0.7932,1,high,1
2624,0.136,0,low,0
2785,0.048,0,low,0
34569,0.3495,0,medium,0
14295,0.3952,0,medium,0
33586,0.1683,0,low,0
2826,0.1773,0,low,0
23097,0.2091,0,low,0
21239,0.2384,0,low,0
12100,0.2404,0,low,0
16349,0.0381,0,low,1
40034,0.4686,0,medium,0
23356,0.0054,0,low,0
14246,0.3896,0,medium,0
35501,0.2787,0,low,0
11289,0.2587,0,low,0
15146,0.2702,0,low,0
36698,0.7009,1,high,0
27790,0.8482,1,high,1
8184,0.2038,0,low,0
32872,0.3196,0,medium,1
29205,0.1993,0,low,0
25034,0.286,0,low,0
17624,0.2418,0,low,0
31285,0.2905,0,low,0
12911,0.2284,0,low,0
28989,0.1282,0,low,0
32169,0.1401,0,low,0
30815,0.4228,0,medium,0
38526,0.7402,1,high,0
9783,0.0884,0,low,0
36402,0.7271,1,high,0
36563,0.894,1,high,0
31122,0.1049,0,low,0
15421,0.4376,0,medium,0
17267,0.2901,0,low,1
8730,0.1253,0,low,0
31038,0.352,0,medium,0
474,0.0589,0,low,0
28439,0.4305,0,medium,0
8333,0.1829,0,low,0
40934,0.9188,1,high,0
39815,0.2892,0,low,0
32165,0.1188,0,low,0
18411,0.0603,0,low,0
20001,0.4992,0,medium,0
13553,0.3154,0,medium,0
15765,0.218,0,low,0
27133,0.3908,0,medium,0
35062,0.5366,0,medium,0
13802,0.2882,0,low,0
13309,0.2748,0,low,0
32701,0.1291,0,low,0
23919,0.0499,0,low,0
41155,0.1801,0,low,0
35696,0.6435,0,medium,0
20541,0.1972,0,low,0
36203,0.4427,0,medium,0
6763,0.0687,0,low,0
22314,0.2233,0,low,0
36442,0.6867,1,high,0
37740,0.6602,1,high,0
20089,0.1288,0,low,0
19643,0.2471,0,low,0
35042,0.0045,0,low,0
7634,0.1385,0,low,0
23806,0.1497,0,low,0
8254,0.1263,0,low,0
16607,0.2145,0,low,0
2238,0.0698,0,low,0
36265,0.7958,1,high,1
2626,0.1976,0,low,0
31793,0.3133,0,medium,0
8763,0.0787,0,low,0
13195,0.1191,0,low,0
2359,0.1033,0,low,0
30311,0.8946,1,high,1
21543,0.2221,0,low,0
12423,0.1861,0,low,0
21221,0.5118,0,medium,0
6081,0.1464,0,low,0
22279,0.2592,0,low,0
6989,0.1527,0,low,0
27493,0.3298,0,medium,0
20503,0.3527,0,medium,0
26583,0.3353,0,medium,0
500,0.0971,0,low,0
1391,0.1242,0,low,0
1568,0.2568,0,low,0
29492,0.1891,0,low,0
501,0.1156,0,low,0
19475,0.2627,0,low,1
34873,0.4538,0,medium,0
33964,0.2777,0,low,0
26983,0.292,0,low,0
25566,0.2198,0,low,1
11741,0.0342,0,low,0
7315,0.1672,0,low,0
21316,0.1147,0,low,0
11578,0.3647,0,medium,0
34081,0.3485,0,medium,0
40648,0.9122,1,high,1
16059,0.0914,0,low,0
37028,0.7667,1,high,0
38312,0.8052,1,high,1
5657,0.1236,0,low,0
13414,0.0929,0,low,0
36484,0.7464,1,high,0
39126,0.8599,1,high,0
39191,0.9252,1,high,1
29727,0.5541,0,medium,0
37853,0.7031,1,high,1
24356,0.1372,0,low,0
14423,0.34,0,medium,0
15302,0.3871,0,medium,0
1754,0.1576,0,low,0
38098,0.7435,1,high,0
16073,0.2212,0,low,0
26601,0.1506,0,low,0
4841,0.0927,0,low,0
13056,0.3398,0,medium,0
1287,0.2391,0,low,0
25595,0.2572,0,low,0
13367,0.2918,0,low,0
10696,0.2303,0,low,0
10858,0.2589,0,low,0
33548,0.2356,0,low,1
38552,0.8067,1,high,1
33643,0.4195,0,medium,0
26754,0.3319,0,medium,0
32981,0.1403,0,low,0
31468,0.498,0,medium,0
20452,0.3653,0,medium,0
22205,0.2137,0,low,0
13622,0.2824,0,low,0
22740,0.3516,0,medium,0
936,0.0667,0,low,0
22580,0.2585,0,low,0
29536,0.3238,0,medium,0
37723,0.7219,1,high,1
18546,0.0881,0,low,0
14057,0.4221,0,medium,0
24515,0.2827,0,low,0
41082,0.3343,0,medium,0
11344,0.1113,0,low,0
29209,0.6314,0,medium,0
39221,0.9861,1,high,1
3272,0.0985,0,low,0
32445,0.285,0,low,0
6383,0.1014,0,low,0
27311,0.2997,0,low,0
34285,0.0464,0,low,0
18264,0.0632,0,low,0
12594,0.1578,0,low,0
37195,0.8145,1,high,0
21372,0.163,0,low,0
4785,0.1749,0,low,0
30772,0.5379,0,medium,0
11183,0.289,0,low,0
37816,0.6699,1,high,1
11072,0.3798,0,medium,0
32299,0.2736,0,low,0
33746,0.507,0,medium,1
14194,0.0984,0,low,0
34106,0.4396,0,medium,0
38066,0.746,1,high,0
5739,0.1659,0,low,0
36099,0.5132,0,medium,0
29550,0.1979,0,low,0
38135,0.5949,0,medium,0
5398,0.0795,0,low,0
8507,0.1846,0,low,0
27669,0.3324,0,medium,0
38873,0.7041,1,high,0
2671,0.1606,0,low,0
27899,0.8216,1,high,1
30149,0.9218,1,high,1
19638,0.4392,0,medium,0
29777,0.3134,0,medium,0
8401,0.22,0,low,0
39646,0.9734,1,high,1
40248,0.7734,1,high,0
28701,0.6734,1,high,1
28862,0.3202,0,medium,0
33479,0.3446,0,medium,1
2952,0.2068,0,low,0
26358,0.1741,0,low,0
3659,0.2274,0,low,0
40368,0.9745,1,high,1
9775,0.0794,0,low,0
30770,0.2394,0,low,0
28294,0.6026,0,medium,0
12703,0.1865,0,low,0
20019,0.1641,0,low,0
21905,0.1852,0,low,0
30459,0.6,0,medium,1
7598,0.2471,0,low,0
7059,0.1558,0,low,0
1497,0.1068,0,low,0
23434,0.2001,0,low,0
10266,0.295,0,low,0
34190,0.4116,0,medium,0
15879,0.445,0,medium,0
12025,0.1294,0,low,0
3036,0.2682,0,low,0
3985,0.3684,0,medium,0
6357,0.0654,0,low,0
6814,0.1648,0,low,0
25960,0.1731,0,low,1
32080,0.0831,0,low,0
38303,0.6443,0,medium,0
36572,0.8205,1,high,0
28205,0.5012,0,medium,0
25690,0.537,0,medium,0
36028,0.7923,1,high,0
20071,0.4075,0,medium,0
18853,0.1319,0,low,0
40870,0.8191,1,high,1
19983,0.5031,0,medium,0
31164,0.1192,0,low,0
17383,0.3063,0,medium,0
2169,0.1005,0,low,0
25750,0.3599,0,medium,0
20199,0.3257,0,medium,0
26016,0.2391,0,low,1
14476,0.2799,0,low,0
23380,0.2083,0,low,0
15816,0.2718,0,low,0
7035,0.1603,0,low,0
27978,0.7832,1,high,0
20819,0.2546,0,low,0
37236,0.8194,1,high,1
25050,0.101,0,low,0
6728,0.2694,0,low,0
11761,0.3857,0,medium,0
27266,0.1406,0,low,0
4806,0.2175,0,low,0
3451,0.0286,0,low,0
2814,0.145,0,low,0
1410,0.1624,0,low,0
18883,0.3271,0,medium,0
30614,0.2421,0,low,1
12064,0.3355,0,medium,0
7783,0.1944,0,low,0
751,0.0881,0,low,0
40303,0.6701,1,high,0
2460,0.129,0,low,0
27534,0.3855,0,medium,0
35526,0.0328,0,low,0
11818,0.0769,0,low,0
19890,0.1852,0,low,0
26762,0.332,0,medium,0
33054,0.4469,0,medium,0
18467,0.1471,0,low,0
27783,0.8429,1,high,0
27555,0.4134,0,medium,0
14462,0.2535,0,low,0
14046,0.4938,0,medium,0
29193,0.4204,0,medium,0
15825,0.3966,0,medium,0
31139,0.1278,0,low,1
12915,0.3732,0,medium,0
1223,0.0635,0,low,0
4763,0.1643,0,low,0
24414,0.2741,0,low,0
33825,0.432,0,medium,0
30485,0.6709,1,high,0
28051,0.6846,1,high,0
38716,0.9792,1,high,1
21622,0.2339,0,low,0
28972,0.3092,0,medium,0
3782,0.2552,0,low,0
10571,0.0967,0,low,0
7586,0.1601,0,low,0
2072,0.092,0,low,0
14891,0.1968,0,low,0
27787,0.7764,1,high,1
6274,0.1348,0,low,0
27288,0.4016,0,medium,1
9229,0.3698,0,medium,0
34832,0.5695,0,medium,0
39328,0.9463,1,high,1
492,0.1663,0,low,0
1716,0.1117,0,low,0
35502,0.4462,0,medium,0
16209,0.2717,0,low,0
38723,0.8365,1,high,1
39241,0.6374,0,medium,0
35734,0.3667,0,medium,0
12625,0.3688,0,medium,0
30661,0.1311,0,low,0
10569,0.1219,0,low,0
12676,0.2961,0,low,0
35750,0.4493,0,medium,0
13216,0.3499,0,medium,0
35616,0.4683,0,medium,0
19150,0.3899,0,medium,0
8835,0.0895,0,low,0
792,0.1512,0,low,0
10265,0.153,0,low,0
17610,0.3738,0,medium,0
35222,0.0666,0,low,0
31313,0.3893,0,medium,0
6424,0.1198,0,low,0
11686,0.2651,0,low,0
15986,0.4825,0,medium,0
11775,0.0654,0,low,0
9837,0.2798,0,low,0
18183,0.0633,0,low,0
27947,0.7936,1,high,0
5468,0.0391,0,low,0
30528,0.5612,0,medium,0
29851,0.2806,0,low,0
38193,0.8697,1,high,0
18176,0.4066,0,medium,0
38492,0.7336,1,high,0
6086,0.0615,0,low,0
5060,0.1227,0,low,0
20965,0.2496,0,low,0
23059,0.1955,0,low,0
15941,0.187,0,low,0
21715,0.0263,0,low,1
32198,0.1241,0,low,0
37945,0.6963,1,high,0
26740,0.3061,0,medium,0
15685,0.2606,0,low,0
29363,0.3171,0,medium,0
17399,0.2098,0,low,1
36770,0.925,1,high,1
29252,0.4522,0,medium,0
19199,0.4908,0,medium,1
38465,0.9478,1,high,1
32911,0.3707,0,medium,0
13548,0.3438,0,medium,0
4596,0.1731,0,low,0
16612,0.425,0,medium,0
11712,0.0176,0,low,0
38802,0.9686,1,high,1
22965,0.2388,0,low,0
35203,0.5918,0,medium,0
33522,0.3444,0,medium,0
1950,0.1874,0,low,0
22290,0.1837,0,low,1
39469,0.6156,0,medium,0
40163,0.9921,1,high,1
39502,0.8715,1,high,0
23504,0.2402,0,low,1
29456,0.2242,0,low,0
18659,0.0131,0,low,0
36183,0.698,1,high,0
28491,0.7292,1,high,0
6781,0.0863,0,low,0
14614,0.1868,0,low,0
23395,0.2107,0,low,0
3412,0.0687,0,low,0
7700,0.0145,0,low,0
14852,0.4452,0,medium,0
24660,0.2425,0,low,0
8201,0.2089,0,low,0
11762,0.4698,0,medium,0
4849,0.1356,0,low,0
11719,0.192,0,low,0
26070,0.1944,0,low,0
20726,0.2408,0,low,0
15213,0.3651,0,medium,0
9809,0.1672,0,low,0
27834,0.8337,1,high,0
1293,0.1267,0,low,0
18900,0.1346,0,low,0
24584,0.1645,0,low,0
14537,0.5391,0,medium,0
18972,0.1657,0,low,0
40422,0.8897,1,high,0
17871,0.2054,0,low,1
30632,0.2809,0,low,0
39608,0.9105,1,high,0
4132,0.2088,0,low,0
10400,0.189,0,low,0
731,0.1243,0,low,0
17938,0.2042,0,low,0
6180,0.1069,0,low,0
694,0.0773,0,low,0
1974,0.148,0,low,0
16122,0.09,0,low,0
2881,0.2626,0,low,0
19577,0.2765,0,low,0
25416,0.1036,0,low,0
2988,0.3123,0,medium,0
13230,0.1543,0,low,0
33412,0.0453,0,low,0
6273,0.0859,0,low,0
15898,0.3437,0,medium,0
304,0.149,0,low,0
30399,0.8408,1,high,1
3232,0.2225,0,low,0
31505,0.217,0,low,0
6872,0.2241,0,low,0
17019,0.0487,0,low,0
26451,0.2911,0,low,0
19934,0.3338,0,medium,0
13875,0.4043,0,medium,0
30781,0.3731,0,medium,0
26773,0.1774,0,low,0
8121,0.111,0,low,0
17544,0.3388,0,medium,0
1909,0.1711,0,low,0
21173,0.3186,0,medium,0
12591,0.2569,0,low,0
55,0.1885,0,low,0
39281,0.2342,0,low,1
30306,0.8345,1,high,0
32337,0.3046,0,medium,0
11797,0.2574,0,low,0
28635,0.7247,1,high,1
2641,0.2124,0,low,0
4796,0.331,0,medium,0
12791,0.5521,0,medium,0
10496,0.2556,0,low,0
39232,0.7051,1,high,1
5146,0.1538,0,low,0
12687,0.2817,0,low,0
10493,0.1297,0,low,0
27900,0.6416,0,medium,0
19141,0.5761,0,medium,0
26913,0.4298,0,medium,0
20405,0.343,0,medium,0
38821,0.853,1,high,1
26287,0.3414,0,medium,0
33524,0.3094,0,medium,0
10277,0.3733,0,medium,0
8331,0.219,0,low,0
24068,0.5041,0,medium,1
8387,0.0968,0,low,0
35784,0.4895,0,medium,0
29553,0.0288,0,low,0
11064,0.0331,0,low,0
3734,0.1539,0,low,1
14309,0.463,0,medium,0
40078,0.9613,1,high,1
26714,0.1104,0,low,0
29990,0.8916,1,high,0
1549,0.122,0,low,0
30403,0.8528,1,high,1
10654,0.2972,0,low,0
30062,0.7263,1,high,0
38535,0.6314,0,medium,0
33229,0.386,0,medium,1
17617,0.1483,0,low,0
3238,0.1841,0,low,0
12267,0.0365,0,low,0
32559,0.108,0,low,0
34726,0.2038,0,low,0
707,0.0876,0,low,0
31068,0.211,0,low,0
23186,0.3708,0,medium,0
308,0.1768,0,low,0
16558,0.3445,0,medium,0
30634,0.1885,0,low,0
2718,0.2174,0,low,0
29971,0.8054,1,high,1
20661,0.3883,0,medium,0
3649,0.1838,0,low,0
29673,0.1023,0,low,0
23044,0.0729,0,low,0
35036,0.3192,0,medium,1
34715,0.0974,0,low,0
34995,0.584,0,medium,0
12045,0.237,0,low,0
7351,0.222,0,low,0
9777,0.0941,0,low,0
26429,0.3645,0,medium,0
5627,0.1956,0,low,0
21545,0.1363,0,low,0
38168,0.7087,1,high,0
23547,0.2792,0,low,0
39360,0.9517,1,high,0
1852,0.1846,0,low,0
24908,0.1255,0,low,0
25161,0.174,0,low,0
5829,0.086,0,low,0
36003,0.5771,0,medium,0
2585,0.1565,0,low,0
11231,0.0465,0,low,0
24011,0.51,0,medium,1
3055,0.2417,0,low,0
2519,0.2844,0,low,0
10767,0.2201,0,low,0
15746,0.1165,0,low,0
39993,0.8499,1,high,1
8956,0.1814,0,low,0
7221,0.2038,0,low,0
11559,0.2834,0,low,0
3787,0.2477,0,low,0
28920,0.3526,0,medium,0
39348,0.9851,1,high,1
31571,0.3693,0,medium,0
19881,0.2507,0,low,0
40600,0.3985,0,medium,0
12130,0.3519,0,medium,0
822,0.1569,0,low,0
41078,0.8856,1,high,1
21051,0.2333,0,low,0
34850,0.4471,0,medium,0
22353,0.2486,0,low,0
40410,0.9264,1,high,1
28002,0.2169,0,low,0
38609,0.5364,0,medium,0
11950,0.1996,0,low,0
18741,0.415,0,medium,0
19047,0.1464,0,low,0
11979,0.2441,0,low,0
24207,0.0328,0,low,0
32016,0.1684,0,low,0
35481,0.346,0,medium,0
11521,0.1584,0,low,0
34949,0.1221,0,low,0
37436,0.7565,1,high,0
13359,0.1412,0,low,0
27770,0.853,1,high,0
8592,0.2651,0,low,0
20710,0.4158,0,medium,0
33508,0.126,0,low,0
546,0.1319,0,low,0
36692,0.716,1,high,0
37751,0.7949,1,high,1
14662,0.0745,0,low,0
8921,0.1086,0,low,0
3002,0.1437,0,low,0
22230,0.2753,0,low,0
32615,0.3364,0,medium,0
37955,0.6638,1,high,1
35624,0.5847,0,medium,0
25536,0.4099,0,medium,0
40469,0.982,1,high,1
20985,0.154,0,low,0
32789,0.4279,0,medium,0
16310,0.2397,0,low,0
24770,0.0922,0,low,0
8806,0.179,0,low,0
10699,0.1603,0,low,0
31441,0.2129,0,low,0
29531,0.3731,0,medium,0
5444,0.1286,0,low,0
11530,0.3869,0,medium,0
27884,0.8971,1,high,0
29295,0.1443,0,low,0
16255,0.2307,0,low,0
37170,0.7033,1,high,0
13358,0.1977,0,low,0
14615,0.0963,0,low,0
4659,0.2282,0,low,0
7281,0.2682,0,low,0
5387,0.1183,0,low,0
21981,0.2432,0,low,0
20466,0.165,0,low,0
14158,0.3928,0,medium,0
12866,0.2228,0,low,1
19156,0.278,0,low,0
20119,0.3308,0,medium,0
7581,0.1803,0,low,0
40029,0.8911,1,high,0
16629,0.0294,0,low,0
20962,0.1678,0,low,0
10256,0.2225,0,low,0
16881,0.3881,0,medium,0
14481,0.4248,0,medium,0
5776,0.1463,0,low,0
34595,0.3382,0,medium,0
34153,0.4355,0,medium,0
38875,0.7704,1,high,0
10524,0.3844,0,medium,0
18065,0.2356,0,low,0
23706,0.1665,0,low,0
246,0.0784,0,low,0
30076,0.6273,0,medium,1
8524,0.1995,0,low,0
38664,0.61,0,medium,0
17186,0.4648,0,medium,0
264,0.1512,0,low,0
24009,0.7633,1,high,1
28897,0.1436,0,low,0
27883,0.8825,1,high,1
22409,0.3052,0,medium,0
32550,0.3575,0,medium,0
3828,0.1372,0,low,0
35601,0.5476,0,medium,0
2151,0.1161,0,low,0
13172,0.2727,0,low,0
21627,0.1923,0,low,0
31773,0.5221,0,medium,0
22981,0.486,0,medium,0
39934,0.3347,0,medium,0
17818,0.0666,0,low,0
34985,0.2943,0,low,0
29992,0.8229,1,high,0
13663,0.3374,0,medium,0
7005,0.0684,0,low,0
33126,0.0865,0,low,0
37812,0.7199,1,high,0
23023,0.0492,0,low,0
15688,0.3156,0,medium,0
19420,0.3818,0,medium,0
8365,0.0812,0,low,0
13090,0.4034,0,medium,0
11481,0.3305,0,medium,0
26067,0.2968,0,low,0
6002,0.0809,0,low,0
29822,0.3438,0,medium,0
35941,0.7722,1,high,1
35987,0.5338,0,medium,0
11910,0.311,0,medium,0
41079,0.8526,1,high,0
10730,0.1819,0,low,0
11770,0.1456,0,low,0
34676,0.4848,0,medium,0
10517,0.1439,0,low,0
35032,0.5695,0,medium,0
34938,0.3905,0,medium,0
5724,0.0738,0,low,0
10961,0.4585,0,medium,0
14611,0.5915,0,medium,0
18970,0.055,0,low,0
8930,0.2049,0,low,0
25560,0.2363,0,low,0
21015,0.1488,0,low,0
26665,0.3939,0,medium,0
15991,0.1608,0,low,0
6765,0.2217,0,low,0
9691,0.325,0,medium,0
29526,0.0809,0,low,0
6791,0.0648,0,low,0
37526,0.7401,1,high,0
14473,0.3305,0,medium,0
13980,0.3685,0,medium,0
24595,0.0927,0,low,0
6514,0.2362,0,low,0
8027,0.1235,0,low,0
12255,0.0466,0,low,0
7160,0.2155,0,low,0
28674,0.2493,0,low,0
6215,0.1206,0,low,0
14946,0.1668,0,low,0
9085,0.2586,0,low,0
12564,0.1902,0,low,0
5191,0.1504,0,low,0
28027,0.4506,0,medium,0
39153,0.9767,1,high,1
20185,0.3784,0,medium,0
29156,0.2316,0,low,0
17765,0.1738,0,low,0
40557,0.9013,1,high,1
24896,0.219,0,low,0
9182,0.3144,0,medium,0
33515,0.4153,0,medium,1
22042,0.302,0,medium,0
14661,0.2185,0,low,0
38457,0.9349,1,high,1
11773,0.2621,0,low,0
18925,0.1118,0,low,0
22150,0.2762,0,low,0
16649,0.0023,0,low,0
612,0.0903,0,low,0
35211,0.5736,0,medium,0
29926,0.1447,0,low,0
34023,0.4434,0,medium,0
11398,0.4158,0,medium,0
31240,0.5081,0,medium,0
906,0.2544,0,low,0
26112,0.161,0,low,0
11137,0.1749,0,low,0
23138,0.1964,0,low,0
28233,0.645,0,medium,0
15489,0.3734,0,medium,1
37876,0.5039,0,medium,0
14533,0.3186,0,medium,0
31993,0.3194,0,medium,0
39125,0.8717,1,high,1
8814,0.2258,0,low,0
39210,0.8715,1,high,1
16760,0.4316,0,medium,0
11717,0.3303,0,medium,1
602,0.1578,0,low,0
31320,0.1243,0,low,0
36283,0.5441,0,medium,0
20026,0.4386,0,medium,0
38005,0.8375,1,high,1
14217,0.1297,0,low,0
12515,0.3585,0,medium,0
27546,0.2324,0,low,0
66,0.2662,0,low,0
15496,0.158,0,low,0
34386,0.0442,0,low,0
8160,0.15,0,low,0
25725,0.2356,0,low,0
13255,0.3635,0,medium,0
3243,0.1203,0,low,0
24330,0.1542,0,low,0
41141,0.8952,1,high,1
33106,0.252,0,low,0
35822,0.1482,0,low,0
28512,0.2174,0,low,0
12877,0.2632,0,low,0
29558,0.2487,0,low,0
36668,0.7728,1,high,0
12193,0.1418,0,low,0
7383,0.2253,0,low,0
21987,0.2256,0,low,0
38597,0.7197,1,high,1
28739,0.3892,0,medium,0
28345,0.16,0,low,0
19324,0.4036,0,medium,0
12377,0.2262,0,low,0
40633,0.9077,1,high,0
19623,0.3753,0,medium,0
9945,0.1133,0,low,0
20672,0.3827,0,medium,0
13080,0.407,0,medium,0
4024,0.1734,0,low,0
5144,0.1915,0,low,0
3899,0.1446,0,low,0
39505,0.9787,1,high,1
35108,0.2991,0,low,0
9290,0.2464,0,low,0
16878,0.2354,0,low,0
11785,0.3075,0,medium,0
12015,0.2464,0,low,0
8979,0.3362,0,medium,0
4207,0.208,0,low,0
38953,0.5016,0,medium,0
38959,0.8681,1,high,1
26793,0.3675,0,medium,0
27627,0.0801,0,low,0
12651,0.323,0,medium,0
36006,0.5771,0,medium,1
38904,0.8275,1,high,0
26017,0.2069,0,low,0
26103,0.3512,0,medium,0
21077,0.1908,0,low,0
14951,0.4371,0,medium,0
3338,0.1621,0,low,1
795,0.2779,0,low,0
2594,0.2063,0,low,0
11900,0.0098,0,low,0
19217,0.188,0,low,0
7235,0.2138,0,low,0
3654,0.2425,0,low,0
26006,0.3176,0,medium,0
38507,0.8279,1,high,0
5360,0.3027,0,medium,0
34070,0.5256,0,medium,1
27488,0.2759,0,low,0
8247,0.1707,0,low,0
36621,0.9322,1,high,0
37610,0.9081,1,high,1
9195,0.1803,0,low,0
2848,0.1526,0,low,0
10883,0.2376,0,low,0
21848,0.2854,0,low,0
35701,0.4643,0,medium,0
706,0.153,0,low,0
31234,0.2805,0,low,0
14739,0.1187,0,low,0
5871,0.3287,0,medium,0
583,0.056,0,low,0
32171,0.288,0,low,0
10823,0.5677,0,medium,0
3118,0.1682,0,low,0
24569,0.2379,0,low,0
36626,0.8806,1,high,1
15049,0.3626,0,medium,0
32682,0.4176,0,medium,0
20446,0.426,0,medium,0
29645,0.1921,0,low,0
39631,0.1631,0,low,1
26004,0.2887,0,low,0
25944,0.1545,0,low,0
9586,0.2318,0,low,0
12561,0.1216,0,low,0
4366,0.2032,0,low,0
282,0.1124,0,low,0
32118,0.1351,0,low,0
27547,0.16,0,low,0
26753,0.4018,0,medium,0
36859,0.6569,1,high,0
14474,0.0922,0,low,0
28754,0.7236,1,high,0
33430,0.0981,0,low,0
23722,0.2369,0,low,0
28039,0.6358,0,medium,0
7465,0.2022,0,low,0
22181,0.2169,0,low,0
35850,0.7692,1,high,0
3826,0.1872,0,low,0
25154,0.3681,0,medium,0
19645,0.1889,0,low,0
8786,0.2683,0,low,0
23937,0.3749,0,medium,0
1844,0.0989,0,low,0
31270,0.157,0,low,0
2942,0.1089,0,low,0
18266,0.3761,0,medium,0
851,0.1768,0,low,0
8298,0.093,0,low,0
24787,0.084,0,low,0
12269,0.1852,0,low,0
18363,0.0601,0,low,0
16228,0.4273,0,medium,0
16247,0.1394,0,low,0
28669,0.4047,0,medium,0
8039,0.1372,0,low,0
34452,0.4392,0,medium,0
37786,0.8849,1,high,0
38603,0.2813,0,low,1
35735,0.2544,0,low,0
32332,0.3259,0,medium,0
23996,0.4879,0,medium,0
28003,0.6615,1,high,1
2004,0.1855,0,low,0
680,0.1157,0,low,0
38673,0.8065,1,high,0
22993,0.3479,0,medium,0
6120,0.1659,0,low,0
34464,0.4462,0,medium,0
30169,0.8724,1,high,0
26486,0.2048,0,low,0
30532,0.3959,0,medium,0
5370,0.1562,0,low,0
40394,0.9226,1,high,1
1412,0.1437,0,low,0
4621,0.1328,0,low,0
16588,0.3522,0,medium,1
684,0.1586,0,low,0
28234,0.561,0,medium,0
16736,0.3901,0,medium,0
25129,0.2684,0,low,0
21632,0.0923,0,low,0
15556,0.3774,0,medium,0
15515,0.3292,0,medium,0
15574,0.334,0,medium,0
9592,0.1919,0,low,0
17755,0.0689,0,low,0
35976,0.6262,0,medium,0
23051,0.2504,0,low,0
24039,0.8462,1,high,0
31344,0.1502,0,low,0
5021,0.0895,0,low,0
37632,0.6387,0,medium,0
30480,0.7498,1,high,0
40144,0.9176,1,high,1
27012,0.3211,0,medium,0
19509,0.2688,0,low,0
1204,0.1566,0,low,0
5906,0.0787,0,low,0
17118,0.3347,0,medium,0
6597,0.1024,0,low,0
29289,0.2888,0,low,0
32576,0.3342,0,medium,0
9598,0.2939,0,low,0
22661,0.2409,0,low,0
34848,0.1332,0,low,0
9001,0.2121,0,low,0
18734,0.1821,0,low,0
27117,0.2698,0,low,0
17078,0.1792,0,low,0
40923,0.3295,0,medium,0
25007,0.2049,0,low,0
221,0.0877,0,low,0
31389,0.1612,0,low,0
14448,0.2963,0,low,0
5711,0.2664,0,low,0
21292,0.3254,0,medium,0
19832,0.2443,0,low,0
28312,0.8421,1,high,1
24235,0.1328,0,low,0
17690,0.2851,0,low,0
21449,0.1284,0,low,0
2920,0.2207,0,low,0
9929,0.1819,0,low,0
5748,0.1406,0,low,0
17641,0.3836,0,medium,0
31324,0.2059,0,low,0
24360,0.24,0,low,0
35206,0.5469,0,medium,0
587,0.1433,0,low,0
25364,0.0486,0,low,0
33250,0.4193,0,medium,0
36606,0.9383,1,high,1
35053,0.3886,0,medium,0
1157,0.0941,0,low,0
14213,0.4387,0,medium,0
16218,0.0484,0,low,0
26256,0.3356,0,medium,0
29336,0.3182,0,medium,0
29680,0.2638,0,low,0
33687,0.2325,0,low,0
38081,0.8503,1,high,1
3872,0.0427,0,low,0
13653,0.3933,0,medium,0
14394,0.027,0,low,0
3844,0.1326,0,low,0
18449,0.2463,0,low,0
9643,0.1943,0,low,0
8450,0.3962,0,medium,0
5727,0.2086,0,low,0
9572,0.2939,0,low,1
16592,0.2852,0,low,0
20008,0.2922,0,low,0
29423,0.4217,0,medium,0
27510,0.2844,0,low,0
31870,0.6858,1,high,1
3166,0.2576,0,low,0
28420,0.5264,0,medium,0
12122,0.2389,0,low,0
31165,0.3443,0,medium,1
14798,0.6598,1,high,0
17944,0.031,0,low,1
24876,0.1157,0,low,0
10716,0.2278,0,low,0
14332,0.172,0,low,0
2756,0.124,0,low,0
33346,0.2623,0,low,0
25894,0.3653,0,medium,0
29178,0.3229,0,medium,0
8516,0.4893,0,medium,0
21662,0.2201,0,low,0
20167,0.2362,0,low,0
22572,0.4279,0,medium,0
3971,0.2158,0,low,0
5848,0.0989,0,low,0
33600,0.1093,0,low,0
23664,0.2485,0,low,0
28350,0.4172,0,medium,1
26829,0.1487,0,low,0
7731,0.1511,0,low,1
29521,0.1877,0,low,0
11100,0.1754,0,low,1
20526,0.5056,0,medium,1
20215,0.2331,0,low,0
37470,0.8098,1,high,1
32078,0.3788,0,medium,0
14475,0.4006,0,medium,0
16591,0.351,0,medium,0
19487,0.2015,0,low,0
37668,0.8192,1,high,0
17816,0.1897,0,low,0
36587,0.7787,1,high,0
33626,0.4314,0,medium,0
6867,0.1291,0,low,0
15833,0.2864,0,low,0
863,0.2708,0,low,0
31899,0.2519,0,low,0
10252,0.379,0,medium,0
36627,0.747,1,high,0
166,0.1986,0,low,0
22451,0.2519,0,low,0
905,0.1205,0,low,0
14110,0.3395,0,medium,0
7559,0.2009,0,low,0
18181,0.1299,0,low,0
25272,0.194,0,low,0
28837,0.1411,0,low,0
5456,0.1666,0,low,0
24664,0.1106,0,low,0
3981,0.1959,0,low,0
18146,0.139,0,low,0
34187,0.5047,0,medium,0
9485,0.3496,0,medium,0
2185,0.1102,0,low,0
11648,0.0164,0,low,0
16920,0.0779,0,low,1
5751,0.1148,0,low,0
18790,0.0009,0,low,0
12830,0.4105,0,medium,0
35625,0.5215,0,medium,0
18556,0.1074,0,low,0
20814,0.271,0,low,0
6151,0.213,0,low,0
1368,0.2717,0,low,0
23754,0.0854,0,low,0
12044,0.2625,0,low,0
17656,0.3675,0,medium,0
3699,0.169,0,low,0
34545,0.3939,0,medium,0
11854,0.1662,0,low,0
13950,0.2704,0,low,0
20951,0.2651,0,low,0
4921,0.2232,0,low,0
12103,0.2916,0,low,0
1746,0.1361,0,low,0
18996,0.2677,0,low,0
28407,0.7752,1,high,1
6217,0.1544,0,low,0
5070,0.1369,0,low,0
10642,0.0707,0,low,0
3010,0.1718,0,low,0
17553,0.0858,0,low,0
11989,0.2399,0,low,0
39219,0.9095,1,high,1
28009,0.5049,0,medium,0
20705,0.5436,0,medium,1
3007,0.0748,0,low,0
25375,0.1375,0,low,0
19747,0.2583,0,low,0
13202,0.2245,0,low,0
40161,0.9836,1,high,1
39060,0.8529,1,high,1
23938,0.0852,0,low,0
23100,0.1561,0,low,0
27194,0.0691,0,low,0
527,0.1851,0,low,0
21613,0.1875,0,low,0
29951,0.5478,0,medium,0
6195,0.2237,0,low,0
13063,0.4891,0,medium,0
16945,0.3402,0,medium,0
36001,0.6285,0,medium,0
4125,0.1802,0,low,0
9595,0.1643,0,low,0
25434,0.343,0,medium,0
17381,0.3387,0,medium,0
16864,0.2409,0,low,0
11010,0.0069,0,low,0
29387,0.172,0,low,0
20999,0.2318,0,low,0
37650,0.7065,1,high,1
40853,0.7324,1,high,0
27667,0.1297,0,low,0
17017,0.2519,0,low,0
15789,0.3886,0,medium,0
14063,0.3931,0,medium,0
27681,0.0659,0,low,0
25854,0.2766,0,low,0
15689,0.4831,0,medium,0
4554,0.127,0,low,0
1194,0.1153,0,low,0
40254,0.3413,0,medium,0
37785,0.7051,1,high,0
14983,0.3183,0,medium,0
22276,0.2933,0,low,0
3472,0.2345,0,low,0
31168,0.234,0,low,0
33481,0.3276,0,medium,1
27290,0.4079,0,medium,0
28378,0.6767,1,high,1
28553,0.546,0,medium,0
886,0.1153,0,low,0
11184,0.2282,0,low,0
5276,0.1286,0,low,0
24889,0.0838,0,low,0
24143,0.245,0,low,0
39047,0.9306,1,high,0
6666,0.1741,0,low,0
15292,0.3276,0,medium,0
4625,0.0888,0,low,0
36468,0.9606,1,high,1
32816,0.2886,0,low,0
20435,0.1841,0,low,0
15000,0.2563,0,low,0
39217,0.9726,1,high,1
6954,0.115,0,low,0
13419,0.3501,0,medium,0
29475,0.4527,0,medium,0
11614,0.4664,0,medium,0
29694,0.2506,0,low,0
31752,0.1865,0,low,0
39524,0.5195,0,medium,0
36960,0.6468,0,medium,1
2632,0.1316,0,low,0
39228,0.9831,1,high,1
37960,0.822,1,high,1
34137,0.3343,0,medium,0
8820,0.2527,0,low,0
11466,0.1481,0,low,0
14848,0.1479,0,low,0
13654,0.3562,0,medium,0
37768,0.7253,1,high,0
5816,0.1725,0,low,0
3321,0.0487,0,low,0
16282,0.1797,0,low,0
22949,0.4457,0,medium,0
26769,0.3506,0,medium,0
9621,0.1499,0,low,0
4074,0.2541,0,low,0
18147,0.4766,0,medium,1
39137,0.922,1,high,1
5366,0.1847,0,low,0
38896,0.8881,1,high,1
32531,0.21,0,low,0
10652,0.2179,0,low,0
32315,0.3236,0,medium,0
16061,0.4767,0,medium,0
25366,0.2806,0,low,0
32415,0.3107,0,medium,0
5088,0.155,0,low,0
1011,0.2306,0,low,0
26272,0.3959,0,medium,0
24157,0.0873,0,low,0
23817,0.2234,0,low,0
22619,0.1622,0,low,0
28411,0.4565,0,medium,0
13077,0.3034,0,medium,0
39803,0.9712,1,high,1
1661,0.2395,0,low,0
11263,0.2136,0,low,0
9932,0.142,0,low,0
13936,0.4159,0,medium,0
5313,0.1487,0,low,0
4205,0.1799,0,low,0
39329,0.9333,1,high,1
6339,0.0565,0,low,0
3910,0.2299,0,low,0
12073,0.0066,0,low,0
8622,0.3221,0,medium,0
27505,0.3143,0,medium,0
13250,0.3907,0,medium,0
29424,0.6757,1,high,0
19662,0.1952,0,low,0
30898,0.8283,1,high,0
5770,0.0981,0,low,0
15376,0.3745,0,medium,0
16331,0.4974,0,medium,0
9081,0.1665,0,low,0
26189,0.068,0,low,0
29473,0.1316,0,low,0
21227,0.2189,0,low,0
26468,0.3129,0,medium,0
1935,0.1103,0,low,0
28631,0.5032,0,medium,0
15095,0.0218,0,low,0
29244,0.1989,0,low,0
3875,0.2393,0,low,0
901,0.1316,0,low,0
27352,0.2722,0,low,0
30913,0.2536,0,low,0
11461,0.3912,0,medium,0
17457,0.0015,0,low,0
36938,0.7263,1,high,1
34467,0.4629,0,medium,0
14784,0.5477,0,medium,0
15929,0.3227,0,medium,0
11009,0.0539,0,low,0
7182,0.0799,0,low,0
3524,0.0949,0,low,0
20421,0.278,0,low,0
25828,0.1533,0,low,0
32813,0.208,0,low,0
32830,0.4924,0,medium,1
26977,0.1767,0,low,0
26635,0.3553,0,medium,0
36584,0.8281,1,high,1
18994,0.4115,0,medium,0
40659,0.8807,1,high,1
20011,0.3125,0,medium,0
2202,0.1323,0,low,0
36705,0.7768,1,high,1
17154,0.2469,0,low,0
6057,0.0926,0,low,0
6933,0.1661,0,low,0
10405,0.2196,0,low,0
34084,0.4199,0,medium,0
39467,0.4556,0,medium,0
26385,0.3571,0,medium,0
38918,0.6192,0,medium,0
20866,0.1605,0,low,0
16722,0.4261,0,medium,1
37675,0.9156,1,high,1
20430,0.3114,0,medium,0
19469,0.3159,0,medium,0
15524,0.2952,0,low,0
5516,0.1011,0,low,0
25751,0.1589,0,low,0
27535,0.3869,0,medium,0
22757,0.549,0,medium,0
27243,0.1402,0,low,0
22030,0.2214,0,low,0
34898,0.4685,0,medium,0
2485,0.111,0,low,0
21851,0.2963,0,low,0
36721,0.827,1,high,1
28915,0.1565,0,low,0
17814,0.3052,0,medium,0
37952,0.737,1,high,1
22806,0.166,0,low,0
8684,0.2333,0,low,0
22445,0.3179,0,medium,0
35862,0.7319,1,high,0
28808,0.3509,0,medium,0
2250,0.1641,0,low,0
12647,0.3069,0,medium,0
7340,0.1633,0,low,0
23812,0.1957,0,low,0
17049,0.3091,0,medium,0
34513,0.4345,0,medium,0
5791,0.0342,0,low,0
25550,0.2751,0,low,0
33899,0.4641,0,medium,0
10762,0.2189,0,low,0
4082,0.1792,0,low,0
18511,0.2305,0,low,0
26848,0.1353,0,low,0
10588,0.2342,0,low,0
78,0.1213,0,low,0
4136,0.0755,0,low,0
21253,0.233,0,low,0
40841,0.1242,0,low,0
9065,0.3437,0,medium,0
38519,0.6492,0,medium,0
7431,0.2089,0,low,0
7295,0.1395,0,low,0
40143,0.9227,1,high,1
34932,0.0867,0,low,0
35417,0.0519,0,low,0
33496,0.3403,0,medium,0
17762,0.1705,0,low,1
5953,0.1605,0,low,0
27737,0.8723,1,high,1
41166,0.1105,0,low,1
1276,0.1068,0,low,0
7789,0.2597,0,low,0
10120,0.1511,0,low,0
164,0.1116,0,low,0
22253,0.173,0,low,0
29929,0.4941,0,medium,0
32448,0.1373,0,low,0
17532,0.2227,0,low,1
9575,0.1079,0,low,0
4128,0.1527,0,low,0
31444,0.2955,0,low,0
14744,0.4394,0,medium,0
1694,0.1554,0,low,0
3869,0.255,0,low,0
16390,0.4969,0,medium,0
28819,0.2098,0,low,0
8049,0.1882,0,low,0
7132,0.2653,0,low,0
12574,0.2858,0,low,0
18940,0.0313,0,low,0
15871,0.2565,0,low,0
2914,0.2078,0,low,0
18095,0.2483,0,low,0
7976,0.336,0,medium,0
2126,0.1669,0,low,0
39271,0.7962,1,high,0
31166,0.2995,0,low,0
20638,0.3181,0,medium,1
28097,0.3644,0,medium,0
24053,0.9386,1,high,1
21996,0.2338,0,low,0
18344,0.0979,0,low,0
22427,0.247,0,low,0
30712,0.226,0,low,0
16033,0.2848,0,low,0
6091,0.112,0,low,0
7283,0.1431,0,low,0
36139,0.4759,0,medium,0
29458,0.1178,0,low,0
22655,0.1412,0,low,0
10303,0.1479,0,low,0
16742,0.3117,0,medium,0
15087,0.3374,0,medium,0
31512,0.1752,0,low,0
18627,0.3807,0,medium,0
22648,0.3102,0,medium,0
33061,0.2844,0,low,0
67,0.0883,0,low,0
38667,0.8516,1,high,0
40449,0.6698,1,high,1
21054,0.1685,0,low,0
30569,0.2261,0,low,0
39833,0.9119,1,high,0
18582,0.0344,0,low,0
18304,0.4052,0,medium,0
20857,0.188,0,low,0
28465,0.3304,0,medium,0
26485,0.2892,0,low,0
378,0.2053,0,low,0
2246,0.1216,0,low,0
27452,0.1666,0,low,0
5743,0.1463,0,low,0
17448,0.1507,0,low,0
13642,0.1118,0,low,0
10998,0.0073,0,low,0
21891,0.2451,0,low,0
32669,0.3321,0,medium,0
26609,0.2736,0,low,0
35227,0.297,0,low,0
37592,0.6513,1,high,0
12135,0.2057,0,low,0
20214,0.2767,0,low,0
9995,0.1946,0,low,0
15768,0.3196,0,medium,0
12852,0.3889,0,medium,0
28893,0.1131,0,low,0
40586,0.9756,1,high,1
25527,0.2595,0,low,1
11415,0.1507,0,low,0
26730,0.2897,0,low,0
34476,0.3888,0,medium,0
5246,0.1555,0,low,0
39668,0.9699,1,high,1
15650,0.2588,0,low,0
14292,0.0791,0,low,0
33320,0.0387,0,low,1
17472,0.3298,0,medium,0
3344,0.1554,0,low,0
7373,0.2519,0,low,0
15549,0.3739,0,medium,0
3349,0.1593,0,low,0
10422,0.2827,0,low,0
37214,0.5763,0,medium,1
26386,0.2705,0,low,0
21214,0.2508,0,low,0
24266,0.0855,0,low,0
7496,0.2002,0,low,0
1738,0.0881,0,low,0
11515,0.2285,0,low,0
32884,0.2172,0,low,0
36644,0.8093,1,high,0
10264,0.4907,0,medium,0
25194,0.3135,0,medium,0
8336,0.1113,0,low,0
25068,0.3083,0,medium,0
26232,0.3345,0,medium,0
4255,0.1346,0,low,0
4056,0.0745,0,low,0
2951,0.3548,0,medium,0
15141,0.145,0,low,0
11723,0.065,0,low,0
40487,0.9879,1,high,1
14806,0.3417,0,medium,0
36304,0.7853,1,high,0
29052,0.8028,1,high,0
2961,0.2806,0,low,0
10290,0.1907,0,low,0
35652,0.3666,0,medium,1
10690,0.2229,0,low,0
18866,0.0669,0,low,0
11483,0.2867,0,low,0
1666,0.1371,0,low,0
34759,0.4329,0,medium,0
35431,0.321,0,medium,0
12453,0.3307,0,medium,0
20104,0.1047,0,low,0
17040,0.4952,0,medium,0
24778,0.1577,0,low,1
29070,0.3697,0,medium,0
9537,0.1889,0,low,0
35296,0.1843,0,low,0
13203,0.5297,0,medium,0
32194,0.4488,0,medium,0
108,0.1574,0,low,0
12965,0.1404,0,low,0
19852,0.172,0,low,0
30449,0.5797,0,medium,0
27091,0.4672,0,medium,0
38600,0.7798,1,high,0
14235,0.2767,0,low,0
343,0.0503,0,low,0
33999,0.3915,0,medium,0
7052,0.2558,0,low,0
10508,0.2175,0,low,0
23188,0.1663,0,low,0
34295,0.4136,0,medium,0
9786,0.2058,0,low,0
26151,0.4006,0,medium,0
17684,0.321,0,medium,0
22944,0.3738,0,medium,0
34972,0.3165,0,medium,0
39277,0.8166,1,high,1
17995,0.0995,0,low,0
15137,0.1898,0,low,0
18294,0.5229,0,medium,0
10924,0.2692,0,low,0
30785,0.2117,0,low,0
38909,0.8567,1,high,0
26656,0.2905,0,low,0
37891,0.7543,1,high,0
15219,0.3916,0,medium,1
8816,0.1115,0,low,0
2640,0.0487,0,low,0
30621,0.1494,0,low,1
20563,0.1728,0,low,0
32213,0.2241,0,low,0
11215,0.2772,0,low,0
40334,0.3927,0,medium,0
39160,0.7512,1,high,1
7133,0.2291,0,low,0
31968,0.2501,0,low,0
15340,0.3067,0,medium,0
13500,0.3074,0,medium,0
15822,0.1562,0,low,1
34385,0.4471,0,medium,0
12307,0.1469,0,low,0
29139,0.3737,0,medium,0
8062,0.1403,0,low,1
32836,0.1278,0,low,0
30589,0.5913,0,medium,1
9205,0.2109,0,low,0
16467,0.0807,0,low,0
20794,0.4042,0,medium,0
27441,0.2917,0,low,0
32508,0.2593,0,low,0
9737,0.3034,0,medium,0
1183,0.1941,0,low,0
31703,0.2797,0,low,0
32317,0.4395,0,medium,1
24563,0.2681,0,low,0
27548,0.3584,0,medium,0
36261,0.8237,1,high,0
22983,0.3515,0,medium,0
36637,0.7871,1,high,1
5570,0.2416,0,low,0
34858,0.0445,0,low,0
4715,0.1858,0,low,0
3656,0.1229,0,low,0
34811,0.5149,0,medium,0
15113,0.2204,0,low,0
35473,0.1118,0,low,0
26910,0.0547,0,low,0
14776,0.2927,0,low,0
16996,0.4622,0,medium,0
4824,0.1487,0,low,0
38421,0.6601,1,high,1
30386,0.5377,0,medium,0
19043,0.3113,0,medium,0
21724,0.0902,0,low,0
13905,0.497,0,medium,0
15796,0.4127,0,medium,1
33632,0.1007,0,low,0
29506,0.4648,0,medium,0
5448,0.1304,0,low,0
2513,0.1307,0,low,0
4114,0.0285,0,low,0
36805,0.7515,1,high,1
28398,0.6759,1,high,0
36549,0.8265,1,high,0
21157,0.2099,0,low,0
36580,0.8553,1,high,0
11106,0.1635,0,low,0
7730,0.1319,0,low,0
11570,0.1018,0,low,0
34021,0.4335,0,medium,0
12132,0.2984,0,low,0
421,0.1168,0,low,0
26936,0.4192,0,medium,0
6770,0.0369,0,low,0
24090,0.3979,0,medium,0
40868,0.9137,1,high,1
3190,0.1156,0,low,0
9569,0.1345,0,low,0
36404,0.3847,0,medium,1
31946,0.4249,0,medium,0
32028,0.2897,0,low,0
19788,0.248,0,low,0
16022,0.447,0,medium,0
25585,0.3062,0,medium,0
7749,0.0786,0,low,0
2580,0.1516,0,low,0
36615,0.9553,1,high,1
12657,0.0501,0,low,0
31648,0.1867,0,low,1
1333,0.1632,0,low,0
3446,0.2572,0,low,0
16320,0.3123,0,medium,0
17768,0.212,0,low,0
28771,0.6046,0,medium,0
5339,0.1997,0,low,0
34301,0.4478,0,medium,1
17038,0.2334,0,low,0
38475,0.7889,1,high,0
11750,0.0235,0,low,0
11001,0.2362,0,low,0
39976,0.9902,1,high,1
28111,0.3515,0,medium,0
24672,0.2021,0,low,0
27864,0.8921,1,high,1
28430,0.4406,0,medium,0
23041,0.1383,0,low,0
4709,0.0387,0,low,0
26679,0.456,0,medium,0
8423,0.1925,0,low,0
13140,0.3918,0,medium,0
1870,0.2352,0,low,0
19308,0.3707,0,medium,0
17861,0.2743,0,low,1
38964,0.9519,1,high,1
18446,0.2673,0,low,0
19510,0.2377,0,low,0
19105,0.5728,0,medium,0
24753,0.3193,0,medium,0
21373,0.223,0,low,0
3178,0.2086,0,low,0
17772,0.1307,0,low,0
36727,0.8143,1,high,0
38358,0.6916,1,high,1
30909,0.3065,0,medium,0
40801,0.8715,1,high,1
1119,0.1732,0,low,0
22094,0.2417,0,low,0
40984,0.8076,1,high,0
14716,0.2926,0,low,0
19598,0.1608,0,low,0
18809,0.0519,0,low,0
31264,0.1862,0,low,0
32745,0.316,0,medium,0
9481,0.2285,0,low,0
16928,0.1574,0,low,0
35333,0.3629,0,medium,0
35247,0.492,0,medium,1
21936,0.2036,0,low,0
33669,0.2837,0,low,0
26333,0.3199,0,medium,0
37893,0.3918,0,medium,0
14177,0.2463,0,low,1
25637,0.4145,0,medium,1
40708,0.4469,0,medium,0
7462,0.2054,0,low,0
24234,0.2218,0,low,0
34913,0.3194,0,medium,0
26192,0.0249,0,low,0
39880,0.5716,0,medium,1
27032,0.2297,0,low,0
19862,0.2563,0,low,1
29266,0.5772,0,medium,0
14198,0.3643,0,medium,0
35766,0.1061,0,low,0
31128,0.0255,0,low,0
10845,0.307,0,medium,0
12195,0.184,0,low,1
943,0.1623,0,low,0
19962,0.2954,0,low,0
38065,0.6405,0,medium,0
23284,0.3598,0,medium,0
28842,0.5289,0,medium,0
20343,0.1139,0,low,1
21908,0.2223,0,low,0
16826,0.3125,0,medium,0
29844,0.3761,0,medium,0
29981,0.7779,1,high,1
29752,0.1772,0,low,0
11883,0.1208,0,low,0
35261,0.0324,0,low,0
38720,0.9728,1,high,1
19846,0.2037,0,low,0
28224,0.4485,0,medium,0
288,0.1269,0,low,0
12623,0.3666,0,medium,0
39238,0.8611,1,high,0
3163,0.1631,0,low,0
15071,0.3823,0,medium,0
38977,0.8982,1,high,0
27342,0.4459,0,medium,0
24604,0.092,0,low,0
11396,0.2116,0,low,0
9920,0.3279,0,medium,0
17568,0.1729,0,low,0
26253,0.3862,0,medium,0
18260,0.314,0,medium,1
19725,0.4336,0,medium,0
17715,0.1012,0,low,0
11087,0.1314,0,low,0
38296,0.6836,1,high,1
37987,0.9488,1,high,1
37079,0.7563,1,high,0
23058,0.3758,0,medium,0
17786,0.1621,0,low,0
34248,0.4811,0,medium,0
7538,0.2291,0,low,0
23124,0.2651,0,low,0
38378,0.6416,0,medium,0
14269,0.4161,0,medium,0
16943,0.5413,0,medium,0
25971,0.3446,0,medium,0
8089,0.2396,0,low,0
1952,0.1612,0,low,0
24340,0.1656,0,low,0
39020,0.6924,1,high,1
24527,0.293,0,low,0
29762,0.1657,0,low,0
26098,0.1666,0,low,0
40665,0.8474,1,high,1
1840,0.0529,0,low,0
15217,0.1618,0,low,0
9420,0.3645,0,medium,0
25702,0.5978,0,medium,0
35216,0.5003,0,medium,0
4029,0.2487,0,low,0
17601,0.1438,0,low,0
34327,0.256,0,low,0
3685,0.1859,0,low,1
5228,0.2096,0,low,0
14851,0.6772,1,high,0
24981,0.1078,0,low,0
36559,0.7441,1,high,0
22479,0.3226,0,medium,1
6667,0.2074,0,low,0
33247,0.4026,0,medium,0
31074,0.1587,0,low,0
35281,0.3019,0,medium,0
22810,0.3934,0,medium,0
29433,0.1932,0,low,0
17414,0.3116,0,medium,0
11866,0.2788,0,low,0
6142,0.1126,0,low,0
10110,0.1447,0,low,0
33199,0.362,0,medium,0
2201,0.1019,0,low,0
456,0.1751,0,low,0
28370,0.4793,0,medium,0
27829,0.7792,1,high,0
34576,0.4295,0,medium,0
14323,0.0465,0,low,0
21149,0.0808,0,low,0
667,0.157,0,low,0
29090,0.2806,0,low,0
10997,0.1922,0,low,0
5092,0.1831,0,low,0
11311,0.2302,0,low,0
1632,0.0817,0,low,1
10192,0.2376,0,low,0
3721,0.3645,0,medium,0
19093,0.4981,0,medium,0
22535,0.2203,0,low,0
25244,0.3097,0,medium,0
28049,0.3183,0,medium,0
29584,0.2893,0,low,0
38588,0.9126,1,high,0
30029,0.928,1,high,0
6918,0.2705,0,low,0
38439,0.8416,1,high,1
7514,0.2443,0,low,0
15905,0.0752,0,low,0
33427,0.262,0,low,0
12956,0.3343,0,medium,0
20978,0.3063,0,medium,0
10357,0.0533,0,low,0
1077,0.2194,0,low,0
29639,0.2366,0,low,0
22015,0.3838,0,medium,0
3042,0.2,0,low,0
18457,0.0896,0,low,0
21165,0.2546,0,low,0
30540,0.1166,0,low,0
12602,0.3435,0,medium,0
34157,0.1759,0,low,0
33407,0.3859,0,medium,0
11079,0.3744,0,medium,0
18137,0.1381,0,low,0
13894,0.2719,0,low,0
8542,0.3665,0,medium,1
11390,0.228,0,low,0
35779,0.2191,0,low,0
1419,0.1074,0,low,0
37376,0.7924,1,high,0
17891,0.4494,0,medium,0
10991,0.269,0,low,0
5417,0.1222,0,low,0
36235,0.7546,1,high,1
6506,0.1607,0,low,0
34671,0.2961,0,low,0
8976,0.2838,0,low,0
38925,0.8133,1,high,0
30664,0.1304,0,low,0
18800,0.1441,0,low,0
38758,0.9397,1,high,1
20605,0.3203,0,medium,0
29059,0.4562,0,medium,0
40087,0.3851,0,medium,0
22582,0.2283,0,low,0
37083,0.8129,1,high,0
36607,0.6144,0,medium,1
10522,0.1849,0,low,0
25770,0.3337,0,medium,0
25882,0.3269,0,medium,0
6485,0.1641,0,low,0
29449,0.2035,0,low,0
2159,0.229,0,low,0
39214,0.5306,0,medium,0
18907,0.0192,0,low,0
16743,0.2751,0,low,0
28481,0.4542,0,medium,1
26974,0.0926,0,low,0
27919,0.8759,1,high,1
5673,0.1544,0,low,0
4164,0.0632,0,low,1
25537,0.1023,0,low,0
2222,0.1315,0,low,0
3664,0.1281,0,low,0
13856,0.4149,0,medium,0
1608,0.1395,0,low,1
29416,0.2282,0,low,0
30817,0.1902,0,low,0
4423,0.1588,0,low,0
33254,0.1051,0,low,0
14298,0.1938,0,low,0
9315,0.1601,0,low,0
25463,0.2169,0,low,0
24715,0.1174,0,low,0
32176,0.1255,0,low,0
39685,0.9753,1,high,1
14846,0.4351,0,medium,0
33440,0.4218,0,medium,0
17092,0.3379,0,medium,0
26497,0.4189,0,medium,0
14329,0.3298,0,medium,0
4421,0.1676,0,low,0
29041,0.3891,0,medium,0
1839,0.1037,0,low,0
18859,0.0842,0,low,0
26638,0.3952,0,medium,0
2996,0.1393,0,low,0
34307,0.458,0,medium,0
6288,0.1193,0,low,0
22709,0.2434,0,low,0
7925,0.2103,0,low,0
20782,0.185,0,low,0
17205,0.2141,0,low,0
5391,0.084,0,low,0
1254,0.1283,0,low,0
12118,0.1318,0,low,0
13498,0.307,0,medium,0
39186,0.844,1,high,0
1560,0.0965,0,low,0
10657,0.2859,0,low,0
32083,0.118,0,low,0
32462,0.0669,0,low,0
28321,0.5657,0,medium,1
22193,0.2036,0,low,0
37628,0.351,0,medium,0
18914,0.1654,0,low,0
36543,0.5518,0,medium,0
33716,0.2742,0,low,0
8318,0.2159,0,low,0
17567,0.364,0,medium,0
35543,0.3857,0,medium,0
21266,0.2364,0,low,0
35008,0.3579,0,medium,1
15151,0.1898,0,low,0
12000,0.2058,0,low,0
305,0.1275,0,low,0
2051,0.1216,0,low,0
18820,0.0465,0,low,0
14545,0.2804,0,low,0
33727,0.2915,0,low,0
14147,0.0077,0,low,0
23730,0.29,0,low,0
32799,0.3401,0,medium,0
5068,0.1968,0,low,0
23280,0.2442,0,low,0
20559,0.6567,1,high,0
20074,0.2183,0,low,0
8369,0.1593,0,low,0
12709,0.167,0,low,0
22776,0.222,0,low,0
27794,0.8834,1,high,0
6376,0.1315,0,low,0
2257,0.1003,0,low,1
28511,0.6011,0,medium,1
27516,0.2614,0,low,0
2634,0.0963,0,low,0
5609,0.1619,0,low,0
14960,0.1879,0,low,0
4026,0.1689,0,low,0
4939,0.1687,0,low,0
20693,0.1497,0,low,0
12091,0.2462,0,low,0
4232,0.0162,0,low,0
27252,0.21,0,low,0
5874,0.1633,0,low,0
35436,0.0235,0,low,0
38523,0.768,1,high,0
7298,0.0585,0,low,0
2502,0.1822,0,low,0
21612,0.1875,0,low,0
33261,0.2994,0,low,0
11235,0.0703,0,low,0
25310,0.4209,0,medium,0
3214,0.1679,0,low,0
33949,0.2792,0,low,0
33526,0.3562,0,medium,0
29439,0.2496,0,low,0
38591,0.9096,1,high,1
31137,0.351,0,medium,0
10212,0.1148,0,low,0
27746,0.6697,1,high,1
14035,0.1425,0,low,0
20762,0.3811,0,medium,0
948,0.1229,0,low,0
11748,0.3397,0,medium,0
34136,0.2778,0,low,1
14042,0.225,0,low,0
3855,0.1831,0,low,0
12262,0.0388,0,low,0
28573,0.773,1,high,0
19346,0.2169,0,low,0
5113,0.1711,0,low,0
6711,0.1146,0,low,0
2292,0.1498,0,low,0
7001,0.1915,0,low,0
29274,0.2221,0,low,0
37889,0.2465,0,low,0
25098,0.1531,0,low,0
26169,0.0567,0,low,0
19320,0.1149,0,low,0
2912,0.1382,0,low,0
39787,0.8726,1,high,1
399,0.1061,0,low,0
5572,0.1121,0,low,0
9987,0.21,0,low,0
25192,0.1697,0,low,0
37441,0.8023,1,high,0
9923,0.2022,0,low,0
25614,0.1127,0,low,0
29069,0.5241,0,medium,0
36851,0.5372,0,medium,0
14889,0.1265,0,low,0
13554,0.2974,0,low,0
38205,0.8061,1,high,1
15819,0.3289,0,medium,0
38178,0.8389,1,high,1
38169,0.8259,1,high,0
37044,0.6546,1,high,0
19092,0.4959,0,medium,0
34148,0.4179,0,medium,0
31677,0.175,0,low,0
7274,0.1861,0,low,0
39302,0.9613,1,high,0
13493,0.4277,0,medium,0
29852,0.3129,0,medium,0
38785,0.766,1,high,1
40808,0.8905,1,high,0
14997,0.2758,0,low,0
38725,0.9159,1,high,0
40823,0.8987,1,high,1
29245,0.4982,0,medium,0
27259,0.3613,0,medium,0
30422,0.8431,1,high,1
39607,0.9864,1,high,1
27388,0.1214,0,low,0
20569,0.4827,0,medium,1
24187,0.1971,0,low,0
5340,0.3027,0,medium,0
9745,0.2024,0,low,0
26411,0.1469,0,low,0
22821,0.3255,0,medium,0
23136,0.2839,0,low,0
10213,0.2059,0,low,0
27476,0.39,0,medium,0
30951,0.3374,0,medium,0
6166,0.1834,0,low,0
29638,0.7475,1,high,0
158,0.1637,0,low,0
17613,0.1779,0,low,0
13763,0.2565,0,low,0
3257,0.0735,0,low,0
11120,0.1721,0,low,0
35395,0.3416,0,medium,1
27739,0.8915,1,high,0
39905,0.9549,1,high,1
18431,0.2046,0,low,0
321,0.2012,0,low,0
34752,0.2609,0,low,0
19394,0.438,0,medium,0
5780,0.1808,0,low,1
7656,0.3078,0,medium,0
17483,0.2969,0,low,0
33922,0.4801,0,medium,0
1162,0.1376,0,low,0
10769,0.2588,0,low,0
3211,0.1329,0,low,0
29288,0.273,0,low,0
19639,0.3138,0,medium,0
31538,0.4851,0,medium,0
16806,0.2438,0,low,0
24381,0.4996,0,medium,0
33875,0.2739,0,low,0
8699,0.1097,0,low,0
36392,0.6874,1,high,0
37382,0.8505,1,high,0
8236,0.2836,0,low,0
27691,0.8423,1,high,1
8225,0.2234,0,low,0
11957,0.4007,0,medium,0
20094,0.2536,0,low,0
31852,0.3311,0,medium,0
38722,0.9848,1,high,1
36135,0.5748,0,medium,0
7332,0.3168,0,medium,0
30359,0.5127,0,medium,1
17437,0.4066,0,medium,0
22877,0.3077,0,medium,0
38610,0.5069,0,medium,0
40425,0.9281,1,high,0
11589,0.0906,0,low,0
6747,0.0982,0,low,0
24489,0.1584,0,low,0
29367,0.1822,0,low,0
32288,0.3012,0,medium,1
40060,0.7744,1,high,1
40114,0.9266,1,high,1
9177,0.1782,0,low,0
25691,0.5323,0,medium,0
10424,0.2057,0,low,0
4687,0.1304,0,low,0
28308,0.8202,1,high,1
33588,0.3976,0,medium,0
28158,0.7276,1,high,0
35238,0.2253,0,low,0
13787,0.377,0,medium,0
40058,0.9282,1,high,0
36691,0.8169,1,high,0
14106,0.3974,0,medium,0
9818,0.194,0,low,0
6659,0.1547,0,low,0
27865,0.9013,1,high,0
21708,0.2015,0,low,0
1998,0.2175,0,low,0
9596,0.1173,0,low,0
3532,0.0294,0,low,0
31714,0.2897,0,low,0
11305,0.1591,0,low,0
36837,0.7684,1,high,0
22634,0.4471,0,medium,0
5435,0.082,0,low,1
6673,0.0445,0,low,0
24503,0.302,0,medium,0
28971,0.167,0,low,0
28489,0.7855,1,high,1
37355,0.5906,0,medium,1
37338,0.8107,1,high,1
7066,0.2147,0,low,0
8991,0.3248,0,medium,0
19979,0.276,0,low,1
9686,0.1896,0,low,0
20998,0.2112,0,low,0
5149,0.1972,0,low,0
24842,0.1583,0,low,0
15349,0.5577,0,medium,0
30795,0.5835,0,medium,0
9305,0.1832,0,low,0
29425,0.0732,0,low,0
11628,0.2022,0,low,0
23255,0.2555,0,low,0
25571,0.3694,0,medium,0
12306,0.1573,0,low,0
39546,0.8532,1,high,0
20513,0.1517,0,low,1
9427,0.2016,0,low,0
13678,0.0841,0,low,0
39042,0.9087,1,high,1
36816,0.7918,1,high,1
16641,0.3475,0,medium,0
33031,0.0902,0,low,0
31079,0.6242,0,medium,0
36060,0.3167,0,medium,0
33700,0.5739,0,medium,0
22707,0.1774,0,low,0
29403,0.6977,1,high,0
8854,0.2384,0,low,0
22765,0.1453,0,low,0
1113,0.1518,0,low,0
10081,0.1681,0,low,0
12925,0.1973,0,low,0
20495,0.3079,0,medium,1
40936,0.7945,1,high,0
2963,0.1241,0,low,0
22507,0.1738,0,low,0
24900,0.1438,0,low,0
2167,0.177,0,low,0
37869,0.6696,1,high,0
31199,0.1665,0,low,0
33260,0.2893,0,low,0
27622,0.3954,0,medium,0
26844,0.3103,0,medium,0
4171,0.1555,0,low,0
11170,0.3851,0,medium,0
4279,0.0616,0,low,0
39585,0.8327,1,high,1
5353,0.2146,0,low,0
13852,0.3857,0,medium,0
34735,0.4317,0,medium,1
2759,0.2618,0,low,0
36318,0.7073,1,high,0
5766,0.119,0,low,0
18757,0.1074,0,low,0
14950,0.3334,0,medium,0
22172,0.221,0,low,0
22701,0.3722,0,medium,0
40072,0.9071,1,high,0
21123,0.1383,0,low,0
9453,0.129,0,low,0
33887,0.5403,0,medium,0
39094,0.9303,1,high,0
8259,0.107,0,low,0
35525,0.0071,0,low,0
23456,0.2461,0,low,0
18860,0.0762,0,low,0
3832,0.1831,0,low,0
6301,0.1097,0,low,0
21470,0.0974,0,low,0
24917,0.1264,0,low,0
6745,0.0753,0,low,0
24056,0.8768,1,high,1
39310,0.8716,1,high,0
35755,0.0118,0,low,0
35372,0.2428,0,low,0
6845,0.0656,0,low,0
25734,0.2499,0,low,0
9325,0.2528,0,low,0
23092,0.1964,0,low,0
32721,0.1179,0,low,0
38344,0.8428,1,high,0
27890,0.8672,1,high,1
24904,0.1101,0,low,0
21541,0.1674,0,low,1
11947,0.2139,0,low,1
16830,0.3294,0,medium,0
9756,0.2131,0,low,0
25160,0.3477,0,medium,0
20863,0.2011,0,low,1
37490,0.5213,0,medium,0
10429,0.1444,0,low,0
33089,0.3089,0,medium,0
3022,0.3398,0,medium,0
2094,0.1273,0,low,0
39897,0.7698,1,high,0
32671,0.3788,0,medium,0
10853,0.2795,0,low,0
26554,0.1879,0,low,0
3941,0.2246,0,low,0
22870,0.3058,0,medium,0
34074,0.1568,0,low,0
15464,0.3434,0,medium,0
14051,0.4639,0,medium,0
20064,0.2723,0,low,0
28229,0.0899,0,low,0
21039,0.1931,0,low,0
15089,0.2448,0,low,0
17858,0.278,0,low,0
7077,0.1092,0,low,0
22850,0.3031,0,medium,0
25767,0.3485,0,medium,0
31785,0.3133,0,medium,0
39573,0.8064,1,high,0
26356,0.3203,0,medium,0
28134,0.5721,0,medium,0
39635,0.7557,1,high,0
26747,0.2158,0,low,0
9456,0.0758,0,low,0
29165,0.2508,0,low,0
39407,0.9839,1,high,1
12390,0.4783,0,medium,0
6644,0.2238,0,low,0
31086,0.2778,0,low,0
19692,0.4043,0,medium,0
32522,0.2331,0,low,0
5823,0.1915,0,low,0
37266,0.521,0,medium,0
36437,0.709,1,high,0
13577,0.3919,0,medium,0
32189,0.2289,0,low,0
12947,0.3677,0,medium,0
8803,0.2072,0,low,0
14979,0.0074,0,low,0
12241,0.1602,0,low,0
27851,0.8801,1,high,1
28355,0.3119,0,medium,0
25706,0.2464,0,low,0
34319,0.3041,0,medium,0
39780,0.3532,0,medium,0
5258,0.1774,0,low,0
11930,0.1218,0,low,0
31489,0.1584,0,low,0
12833,0.2445,0,low,0
17744,0.121,0,low,0
14387,0.2958,0,low,0
18270,0.0868,0,low,0
2244,0.2403,0,low,0
23279,0.2161,0,low,0
7201,0.1776,0,low,0
1200,0.1465,0,low,0
3383,0.1819,0,low,0
25327,0.2241,0,low,0
24475,0.1147,0,low,0
21476,0.1559,0,low,0
29143,0.416,0,medium,0
22705,0.1823,0,low,0
10504,0.171,0,low,0
2668,0.2348,0,low,0
36707,0.7299,1,high,1
8821,0.1862,0,low,1
30145,0.8082,1,high,0
40649,0.904,1,high,0
28728,0.3683,0,medium,0
20685,0.2557,0,low,0
19490,0.1318,0,low,0
18986,0.0375,0,low,1
32540,0.2762,0,low,0
22995,0.4314,0,medium,0
29772,0.5511,0,medium,0
38124,0.4923,0,medium,0
31051,0.152,0,low,0
3200,0.27,0,low,0
23111,0.1671,0,low,0
9797,0.1047,0,low,0
1193,0.2116,0,low,0
4789,0.1474,0,low,0
39359,0.9421,1,high,0
10349,0.0778,0,low,0
35839,0.7252,1,high,0
16289,0.3948,0,medium,0
37509,0.8285,1,high,1
15956,0.3472,0,medium,0
27102,0.3649,0,medium,0
21949,0.2847,0,low,0
18458,0.0028,0,low,0
11078,0.3478,0,medium,0
6829,0.1261,0,low,0
22623,0.2672,0,low,0
32429,0.036,0,low,0
33757,0.0841,0,low,0
29873,0.2897,0,low,0
30211,0.8559,1,high,0
18101,0.0376,0,low,0
30329,0.7812,1,high,1
15747,0.2465,0,low,0
3819,0.1821,0,low,0
29675,0.1123,0,low,0
5480,0.1289,0,low,0
1153,0.1322,0,low,0
6609,0.1993,0,low,0
25289,0.2473,0,low,0
234,0.0653,0,low,0
15823,0.2431,0,low,0
26624,0.3136,0,medium,0
38656,0.8086,1,high,1
22068,0.2809,0,low,0
10590,0.1676,0,low,0
36015,0.4686,0,medium,0
24738,0.1665,0,low,0
23990,0.202,0,low,0
34417,0.5317,0,medium,0
5949,0.1045,0,low,0
27953,0.738,1,high,1
35219,0.2852,0,low,0
13878,0.427,0,medium,0
37009,0.791,1,high,1
24641,0.0854,0,low,0
19180,0.3768,0,medium,0
34611,0.3983,0,medium,1
31867,0.1462,0,low,1
37804,0.6248,0,medium,0
4227,0.1473,0,low,0
16354,0.3257,0,medium,0
2164,0.0973,0,low,0
34491,0.4047,0,medium,0
10752,0.1371,0,low,0
20943,0.235,0,low,0
28698,0.1654,0,low,0
21433,0.2441,0,low,0
35650,0.394,0,medium,0
25736,0.2283,0,low,0
19418,0.3633,0,medium,0
14811,0.5566,0,medium,0
27796,0.9047,1,high,0
16778,0.3218,0,medium,0
31744,0.4977,0,medium,0
31888,0.1824,0,low,0
4495,0.1793,0,low,0
11200,0.2864,0,low,0
27165,0.3367,0,medium,0
26716,0.3287,0,medium,0
1862,0.2093,0,low,0
35070,0.4442,0,medium,0
1403,0.1375,0,low,0
36220,0.4302,0,medium,0
11889,0.1286,0,low,0
5065,0.1564,0,low,0
5414,0.1278,0,low,0
36855,0.8045,1,high,0
35349,0.0155,0,low,0
31781,0.2825,0,low,0
36360,0.754,1,high,1
15443,0.3348,0,medium,0
27093,0.4437,0,medium,0
27748,0.8568,1,high,1
28993,0.1198,0,low,0
34370,0.3939,0,medium,0
4698,0.1429,0,low,0
26341,0.2981,0,low,0
21484,0.1553,0,low,0
39778,0.6392,0,medium,0
24063,0.9162,1,high,0
33521,0.371,0,medium,0
14102,0.337,0,medium,0
22491,0.2438,0,low,0
184,0.1268,0,low,0
40514,0.907,1,high,1
18770,0.3583,0,medium,0
16777,0.3218,0,medium,0
1773,0.1289,0,low,0
1644,0.3013,0,medium,0
36463,0.821,1,high,1
35392,0.4513,0,medium,0
18524,0.0418,0,low,0
34827,0.5913,0,medium,1
37064,0.7283,1,high,0
37456,0.8124,1,high,0
16510,0.3805,0,medium,0
30185,0.8774,1,high,1
33303,0.0904,0,low,0
6262,0.1317,0,low,0
34645,0.284,0,low,0
23839,0.1656,0,low,0
6075,0.1651,0,low,0
29789,0.282,0,low,0
20880,0.2587,0,low,0
37925,0.9017,1,high,1
30675,0.1351,0,low,0
32192,0.3456,0,medium,0
27980,0.7361,1,high,0
8662,0.0278,0,low,0
25261,0.189,0,low,0
21187,0.2058,0,low,0
13579,0.3191,0,medium,0
24712,0.2255,0,low,0
32841,0.1073,0,low,0
37153,0.7214,1,high,0
35103,0.2065,0,low,0
27409,0.3365,0,medium,0
8025,0.1828,0,low,0
28936,0.4744,0,medium,0
32645,0.2978,0,low,1
1573,0.1254,0,low,0
7940,0.3924,0,medium,0
6844,0.1028,0,low,0
27035,0.225,0,low,0
9032,0.2766,0,low,0
25978,0.0592,0,low,0
35918,0.6212,0,medium,0
24431,0.1279,0,low,0
28399,0.5495,0,medium,0
16814,0.4509,0,medium,0
10856,0.2079,0,low,0
13668,0.1982,0,low,0
4347,0.1615,0,low,0
21178,0.2811,0,low,0
18856,0.1902,0,low,0
19569,0.1879,0,low,0
17269,0.272,0,low,0
23199,0.3763,0,medium,0
20293,0.4177,0,medium,0
15889,0.3258,0,medium,0
13126,0.1815,0,low,0
19655,0.0985,0,low,0
9391,0.1967,0,low,0
26223,0.3623,0,medium,0
24220,0.216,0,low,0
31160,0.4773,0,medium,0
21954,0.3845,0,medium,0
28719,0.1892,0,low,0
30148,0.862,1,high,1
2225,0.1574,0,low,0
1802,0.2171,0,low,0
5709,0.0989,0,low,0
1744,0.1613,0,low,0
22306,0.228,0,low,0
38093,0.7814,1,high,0
22241,0.3045,0,medium,0
29877,0.1813,0,low,0
18580,0.2896,0,low,0
1002,0.0944,0,low,0
21222,0.3254,0,medium,0
17774,0.1577,0,low,0
5238,0.1563,0,low,0
24238,0.1779,0,low,0
18222,0.3035,0,medium,0
13765,0.4654,0,medium,0
18263,0.2584,0,low,1
24734,0.1702,0,low,0
20504,0.2642,0,low,0
27608,0.2147,0,low,0
36507,0.8375,1,high,0
24488,0.1061,0,low,1
20827,0.211,0,low,0
5855,0.0985,0,low,0
24272,0.1981,0,low,0
6192,0.1746,0,low,0
27138,0.3199,0,medium,0
23463,0.345,0,medium,0
1292,0.1353,0,low,0
14251,0.3283,0,medium,0
34658,0.2146,0,low,0
36192,0.4349,0,medium,0
3521,0.2222,0,low,0
15018,0.1293,0,low,0
29144,0.0883,0,low,0
37881,0.5853,0,medium,0
14583,0.3654,0,medium,0
36528,0.4577,0,medium,0
37729,0.9107,1,high,1
32525,0.2758,0,low,0
32828,0.2791,0,low,0
41178,0.9559,1,high,1
34405,0.4947,0,medium,1
469,0.148,0,low,1
38635,0.9066,1,high,1
1388,0.1531,0,low,0
12220,0.1474,0,low,0
9253,0.1816,0,low,0
29047,0.1506,0,low,0
1461,0.1859,0,low,0
28175,0.2876,0,low,0
37481,0.7718,1,high,0
32292,0.1213,0,low,0
26905,0.2227,0,low,0
4221,0.0345,0,low,0
9017,0.1551,0,low,0
36282,0.8767,1,high,0
39133,0.7983,1,high,1
6951,0.5363,0,medium,0
16625,0.3921,0,medium,0
21477,0.1724,0,low,0
21402,0.1135,0,low,0
20073,0.2536,0,low,0
18664,0.0016,0,low,0
40806,0.8306,1,high,0
18104,0.4547,0,medium,0
24370,0.219,0,low,0
24841,0.2611,0,low,0
18079,0.4164,0,medium,0
17209,0.4546,0,medium,0
17137,0.4161,0,medium,0
28330,0.8125,1,high,0
30969,0.3074,0,medium,0
12675,0.3143,0,medium,0
3857,0.2129,0,low,0
26529,0.2853,0,low,0
19835,0.2444,0,low,0
20085,0.097,0,low,0
18975,0.0405,0,low,0
37002,0.877,1,high,1
19132,0.2167,0,low,0
22801,0.124,0,low,0
21132,0.152,0,low,0
4271,0.1542,0,low,0
4722,0.17,0,low,0
31929,0.0555,0,low,0
21120,0.1441,0,low,0
37639,0.7835,1,high,1
37512,0.8034,1,high,0
9419,0.3747,0,medium,0
5613,0.1037,0,low,1
6107,0.1635,0,low,0
22223,0.2125,0,low,0
13475,0.2429,0,low,0
31243,0.19,0,low,0
35660,0.3044,0,medium,0
30997,0.1353,0,low,0
16808,0.3294,0,medium,0
13923,0.3508,0,medium,0
25698,0.099,0,low,0
17100,0.3588,0,medium,0
36640,0.735,1,high,0
10106,0.2564,0,low,0
19454,0.1535,0,low,0
15564,0.5792,0,medium,1
37005,0.7144,1,high,1
34436,0.3908,0,medium,0
40971,0.3564,0,medium,0
14866,0.4347,0,medium,0
31350,0.1795,0,low,0
18103,0.1579,0,low,1
23176,0.2931,0,low,0
1762,0.3013,0,medium,0
36641,0.8684,1,high,1
24913,0.227,0,low,0
37274,0.7143,1,high,1
24757,0.2617,0,low,0
39340,0.9585,1,high,1
24843,0.1442,0,low,0
20919,0.2419,0,low,0
9413,0.0607,0,low,0
20900,0.2367,0,low,0
23346,0.349,0,medium,0
2139,0.2949,0,low,0
3188,0.1078,0,low,0
36117,0.5337,0,medium,0
26822,0.1572,0,low,0
39498,0.97,1,high,1
33563,0.0655,0,low,0
36276,0.8068,1,high,0
20586,0.4194,0,medium,0
18571,0.0432,0,low,0
24818,0.2433,0,low,0
22318,0.0191,0,low,0
27891,0.8585,1,high,1
7297,0.1468,0,low,0
1903,0.1692,0,low,0
1191,0.1034,0,low,0
24453,0.1675,0,low,0
11519,0.222,0,low,0
12386,0.293,0,low,0
36017,0.5644,0,medium,0
18873,0.1865,0,low,0
20932,0.2084,0,low,0
14497,0.2956,0,low,0
25540,0.2747,0,low,0
16,0.0953,0,low,0
31659,0.3065,0,medium,0
1956,0.2657,0,low,0
32801,0.1301,0,low,0
22848,0.2819,0,low,0
11376,0.1889,0,low,0
16143,0.2383,0,low,0
14306,0.4206,0,medium,0
15041,0.3488,0,medium,0
26503,0.3138,0,medium,0
28146,0.2655,0,low,0
9416,0.1509,0,low,0
33027,0.2339,0,low,0
4700,0.1596,0,low,0
1681,0.1589,0,low,0
20861,0.188,0,low,0
20906,0.2191,0,low,0
25942,0.1516,0,low,0
24115,0.4983,0,medium,1
8538,0.1682,0,low,0
8822,0.1858,0,low,0
38424,0.8088,1,high,0
5345,0.0995,0,low,0
26076,0.2357,0,low,0
3197,0.2662,0,low,0
21713,0.0442,0,low,0
32690,0.6696,1,high,0
6463,0.3077,0,medium,0
1799,0.1607,0,low,0
19535,0.1853,0,low,0
23447,0.479,0,medium,0
17586,0.3346,0,medium,0
7408,0.123,0,low,0
9469,0.1494,0,low,0
19167,0.3356,0,medium,0
15838,0.4094,0,medium,0
11059,0.0494,0,low,0
6623,0.1441,0,low,0
35880,0.6874,1,high,1
7045,0.0974,0,low,0
5764,0.0959,0,low,0
20700,0.3842,0,medium,0
17171,0.211,0,low,0
15053,0.2188,0,low,0
16350,0.1014,0,low,0
7289,0.1242,0,low,1
8277,0.0974,0,low,0
3082,0.1548,0,low,0
21687,0.1948,0,low,0
33947,0.2805,0,low,0
14936,0.1453,0,low,0
15305,0.4407,0,medium,0
17636,0.2367,0,low,0
13561,0.2714,0,low,0
9009,0.1971,0,low,0
11217,0.3479,0,medium,0
3863,0.0827,0,low,0
24624,0.1829,0,low,0
11302,0.2779,0,low,0
9507,0.1098,0,low,0
8255,0.2104,0,low,0
21458,0.1347,0,low,0
18061,0.092,0,low,0
17616,0.2003,0,low,0
4131,0.1755,0,low,0
14415,0.2667,0,low,0
27462,0.3162,0,medium,0
7060,0.1025,0,low,0
6340,0.1121,0,low,0
7044,0.3484,0,medium,0
19912,0.3854,0,medium,0
430,0.0923,0,low,0
9639,0.0879,0,low,0
30134,0.8961,1,high,1
10950,0.2679,0,low,0
39867,0.9601,1,high,1
28966,0.6368,0,medium,0
29163,0.3755,0,medium,0
16597,0.2946,0,low,0
2878,0.1495,0,low,0
29034,0.4488,0,medium,0
1890,0.0833,0,low,0
7365,0.1227,0,low,0
28140,0.4,0,medium,0
19868,0.2739,0,low,1
25699,0.3427,0,medium,0
18038,0.2113,0,low,0
30551,0.6641,1,high,0
21439,0.1096,0,low,0
783,0.1311,0,low,0
11118,0.143,0,low,0
14993,0.4262,0,medium,0
38721,0.7336,1,high,1
9820,0.2879,0,low,0
10824,0.1639,0,low,0
8374,0.4405,0,medium,0
25510,0.061,0,low,0
38188,0.8288,1,high,0
17282,0.1013,0,low,0
17847,0.1348,0,low,0
8720,0.1591,0,low,0
18762,0.1009,0,low,0
31426,0.3831,0,medium,0
18523,0.0189,0,low,0
17706,0.2158,0,low,0
19496,0.1401,0,low,0
11139,0.2105,0,low,0
29781,0.3912,0,medium,0
33293,0.2704,0,low,0
39908,0.9253,1,high,0
34917,0.3698,0,medium,0
32053,0.3899,0,medium,0
28156,0.6498,0,medium,1
24224,0.2483,0,low,0
10650,0.2381,0,low,0
38905,0.8592,1,high,0
19778,0.4237,0,medium,0
2736,0.116,0,low,0
31390,0.405,0,medium,0
34549,0.4842,0,medium,0
2735,0.0763,0,low,0
32387,0.0642,0,low,0
10911,0.3441,0,medium,0
2215,0.1896,0,low,0
2108,0.2253,0,low,0
29568,0.6022,0,medium,0
38956,0.2289,0,low,0
12420,0.253,0,low,0
14722,0.3902,0,medium,0
21688,0.1415,0,low,0
3528,0.18,0,low,0
26845,0.4046,0,medium,0
38935,0.8351,1,high,1
21009,0.1194,0,low,0
1308,0.1387,0,low,0
1949,0.1084,0,low,0
38174,0.7907,1,high,0
30554,0.5469,0,medium,0
28476,0.7253,1,high,0
10743,0.2585,0,low,0
10157,0.2155,0,low,1
13393,0.4339,0,medium,0
24531,0.0853,0,low,0
26042,0.3198,0,medium,0
14028,0.2261,0,low,0
21197,0.2562,0,low,0
36443,0.8196,1,high,0
38590,0.9341,1,high,1
5712,0.1716,0,low,0
10337,0.0647,0,low,0
9232,0.3073,0,medium,0
15693,0.4251,0,medium,0
6548,0.1575,0,low,0
5822,0.0404,0,low,0
21076,0.1785,0,low,0
28599,0.5764,0,medium,1
27480,0.2299,0,low,0
5590,0.1468,0,low,0
13344,0.1912,0,low,0
3157,0.167,0,low,0
17297,0.2069,0,low,0
5096,0.1455,0,low,0
33927,0.359,0,medium,0
21131,0.2773,0,low,0
30655,0.1756,0,low,0
7526,0.294,0,low,0
19822,0.205,0,low,0
21156,0.3215,0,medium,0
16054,0.3723,0,medium,0
950,0.2267,0,low,0
35555,0.2595,0,low,0
24513,0.1916,0,low,0
4196,0.0623,0,low,0
25052,0.3936,0,medium,0
12874,0.4797,0,medium,0
20475,0.257,0,low,0
27123,0.1916,0,low,0
23520,0.1858,0,low,0
36950,0.798,1,high,1
39604,0.7511,1,high,1
7522,0.1673,0,low,0
27197,0.3266,0,medium,0
19507,0.2386,0,low,0
20144,0.2019,0,low,0
23002,0.2144,0,low,0
4628,0.1962,0,low,0
1766,0.2065,0,low,0
13480,0.1742,0,low,0
17873,0.1092,0,low,0
21555,0.1317,0,low,0
33877,0.5,0,medium,0
1067,0.0694,0,low,0
23769,0.3023,0,medium,0
4738,0.1119,0,low,0
35050,0.2815,0,low,0
7614,0.2375,0,low,0
3975,0.2039,0,low,0
17787,0.1267,0,low,0
8034,0.1101,0,low,0
25131,0.1646,0,low,0
30884,0.314,0,medium,0
24352,0.2148,0,low,0
26368,0.4311,0,medium,0
13489,0.3027,0,medium,0
25639,0.187,0,low,0
3683,0.1925,0,low,0
37700,0.7592,1,high,0
36109,0.4532,0,medium,1
18909,0.2121,0,low,0
21583,0.2318,0,low,0
39817,0.5681,0,medium,0
14311,0.2613,0,low,1
30240,0.8686,1,high,0
36695,0.7816,1,high,0
8895,0.1503,0,low,0
36980,0.827,1,high,1
6150,0.0862,0,low,0
14634,0.166,0,low,0
8263,0.2453,0,low,0
10591,0.1853,0,low,0
17878,0.1644,0,low,0
39679,0.9069,1,high,0
5833,0.1883,0,low,0
13782,0.1419,0,low,0
24372,0.084,0,low,0
5119,0.1751,0,low,0
30870,0.1128,0,low,0
24346,0.3231,0,medium,0
23717,0.2736,0,low,0
17798,0.3609,0,medium,0
28946,0.2917,0,low,0
4560,0.0203,0,low,0
31383,0.127,0,low,0
941,0.0828,0,low,0
3461,0.028,0,low,0
29933,0.3105,0,medium,0
30141,0.854,1,high,1
9147,0.1857,0,low,0
17872,0.3164,0,medium,0
21181,0.1784,0,low,0
30842,0.38,0,medium,0
29746,0.4541,0,medium,0
31224,0.0869,0,low,0
40983,0.81,1,high,0
12131,0.2718,0,low,0
32186,0.0654,0,low,0
21963,0.2035,0,low,0
30993,0.5477,0,medium,1
41161,0.7443,1,high,0
27167,0.4716,0,medium,0
34910,0.5589,0,medium,0
14282,0.392,0,medium,0
33105,0.0669,0,low,0
38531,0.8315,1,high,1
8857,0.2442,0,low,0
3931,0.1536,0,low,0
24939,0.3864,0,medium,0
15692,0.3473,0,medium,0
34395,0.2614,0,low,0
20938,0.2453,0,low,0
4389,0.1422,0,low,0
31427,0.2661,0,low,0
17866,0.0009,0,low,0
35605,0.2299,0,low,0
28918,0.0659,0,low,0
1230,0.0431,0,low,0
36165,0.6159,0,medium,0
22434,0.2168,0,low,0
7817,0.3051,0,medium,1
26090,0.2242,0,low,0
39713,0.7277,1,high,0
31274,0.104,0,low,0
150,0.1216,0,low,0
21777,0.1584,0,low,0
19076,0.3982,0,medium,0
40043,0.8306,1,high,1
23906,0.2128,0,low,0
10710,0.3267,0,medium,0
7761,0.2222,0,low,0
9842,0.2379,0,low,0
41088,0.8237,1,high,1
24294,0.0509,0,low,0
9661,0.2033,0,low,0
27040,0.2449,0,low,0
26083,0.1563,0,low,0
30864,0.4482,0,medium,0
13100,0.1188,0,low,0
8056,0.258,0,low,0
8989,0.1828,0,low,0
29146,0.3041,0,medium,0
29920,0.2461,0,low,0
29742,0.6174,0,medium,0
16329,0.2851,0,low,0
14735,0.4387,0,medium,0
11443,0.2324,0,low,0
37713,0.9326,1,high,1
32526,0.151,0,low,0
15235,0.1859,0,low,0
10900,0.0724,0,low,0
36097,0.6265,0,medium,0
12917,0.2678,0,low,0
8651,0.3318,0,medium,0
26783,0.2936,0,low,0
15911,0.3424,0,medium,0
18201,0.1315,0,low,0
4661,0.2732,0,low,0
8231,0.1946,0,low,0
39739,0.9305,1,high,1
19602,0.3311,0,medium,0
23073,0.2522,0,low,0
17673,0.0343,0,low,0
38422,0.836,1,high,1
4684,0.1428,0,low,0
4733,0.2099,0,low,0
23522,0.2141,0,low,0
13242,0.4089,0,medium,0
18681,0.0084,0,low,0
20137,0.3218,0,medium,0
4407,0.0746,0,low,0
30722,0.5273,0,medium,0
10160,0.2512,0,low,0
18424,0.1565,0,low,0
37429,0.8294,1,high,0
2910,0.1587,0,low,0
21600,0.0483,0,low,0
1020,0.1822,0,low,0
14932,0.5065,0,medium,0
2727,0.1045,0,low,0
15077,0.1658,0,low,0
28854,0.2736,0,low,0
25810,0.2412,0,low,0
19745,0.2753,0,low,0
35391,0.4613,0,medium,0
32527,0.3186,0,medium,0
30908,0.1387,0,low,0
9515,0.1228,0,low,0
39489,0.9617,1,high,1
21557,0.2348,0,low,0
30326,0.7797,1,high,1
11085,0.2287,0,low,0
11359,0.1443,0,low,0
879,0.0763,0,low,0
37837,0.9064,1,high,0
21978,0.0891,0,low,0
21833,0.235,0,low,0
13155,0.3205,0,medium,0
25636,0.1886,0,low,1
40606,0.8608,1,high,0
27145,0.2603,0,low,0
7805,0.2482,0,low,0
3802,0.1814,0,low,0
4371,0.0508,0,low,0
20502,0.3122,0,medium,0
5075,0.1345,0,low,0
40552,0.9229,1,high,1
29544,0.269,0,low,0
35874,0.667,1,high,1
8294,0.3807,0,medium,0
21552,0.2222,0,low,0
14386,0.3644,0,medium,0
37738,0.9053,1,high,1
3309,0.2099,0,low,0
25735,0.3218,0,medium,0
7243,0.247,0,low,0
14226,0.3616,0,medium,0
39180,0.9934,1,high,0
20752,0.2218,0,low,0
21388,0.0492,0,low,0
17741,0.2402,0,low,0
12166,0.0699,0,low,0
18593,0.0771,0,low,0
3452,0.1216,0,low,0
41168,0.8884,1,high,0
18978,0.2133,0,low,0
16219,0.1263,0,low,0
12296,0.1878,0,low,0
29130,0.2216,0,low,0
16493,0.3612,0,medium,0
31446,0.2698,0,low,0
36688,0.7826,1,high,0
15780,0.4209,0,medium,0
3480,0.0843,0,low,0
41062,0.5317,0,medium,0
29881,0.1723,0,low,0
39894,0.9357,1,high,0
3468,0.1992,0,low,0
5112,0.2422,0,low,1
31784,0.2729,0,low,0
25090,0.2646,0,low,0
3390,0.1156,0,low,0
16568,0.1099,0,low,0
34749,0.2504,0,low,0
38185,0.792,1,high,0
31194,0.3509,0,medium,0
2379,0.1554,0,low,0
11234,0.1641,0,low,0
18465,0.0781,0,low,0
8912,0.3605,0,medium,1
33012,0.3886,0,medium,0
32416,0.4049,0,medium,0
18898,0.06,0,low,0
23598,0.1703,0,low,0
8918,0.2373,0,low,0
11597,0.3228,0,medium,0
30209,0.8345,1,high,1
33977,0.1962,0,low,0
40510,0.9062,1,high,1
6929,0.1235,0,low,0
29910,0.2229,0,low,0
16809,0.4168,0,medium,0
31094,0.4819,0,medium,0
19836,0.1851,0,low,0
7931,0.1981,0,low,0
21366,0.1088,0,low,0
40378,0.9046,1,high,0
25254,0.2294,0,low,0
275,0.1554,0,low,0
19786,0.3023,0,medium,0
14109,0.3887,0,medium,0
39082,0.8555,1,high,1
39107,0.8587,1,high,0
12096,0.3188,0,medium,0
7936,0.3249,0,medium,0
34556,0.2951,0,low,0
18501,0.0458,0,low,0
8961,0.2946,0,low,0
13804,0.4183,0,medium,0
19581,0.1086,0,low,0
8590,0.277,0,low,0
2033,0.1214,0,low,0
35003,0.5421,0,medium,0
2480,0.2699,0,low,0
22570,0.3639,0,medium,0
26311,0.3736,0,medium,0
38083,0.8351,1,high,0
22440,0.2422,0,low,0
3687,0.1806,0,low,0
2550,0.1354,0,low,0
28982,0.3088,0,medium,0
29005,0.3737,0,medium,0
14887,0.2552,0,low,0
18071,0.4253,0,medium,0
13051,0.1995,0,low,0
192,0.1613,0,low,0
13529,0.2211,0,low,0
6415,0.0452,0,low,0
9339,0.1863,0,low,0
40635,0.8413,1,high,0
16375,0.4995,0,medium,0
36893,0.9213,1,high,0
31800,0.2812,0,low,0
28100,0.3496,0,medium,0
28961,0.2568,0,low,0
5753,0.114,0,low,0
34195,0.4135,0,medium,0
4085,0.1001,0,low,0
15826,0.3958,0,medium,0
15478,0.2028,0,low,1
8927,0.3678,0,medium,0
25346,0.3175,0,medium,0
25292,0.1439,0,low,0
30783,0.7086,1,high,0
2606,0.1329,0,low,0
26282,0.3768,0,medium,0
12818,0.4877,0,medium,0
1917,0.1481,0,low,0
37377,0.674,1,high,0
37413,0.7487,1,high,0
25140,0.3112,0,medium,0
6941,0.1259,0,low,0
278,0.1582,0,low,0
35212,0.5711,0,medium,0
28110,0.4238,0,medium,0
15214,0.2921,0,low,0
5773,0.1173,0,low,0
16402,0.3883,0,medium,0
34650,0.4559,0,medium,0
41046,0.8044,1,high,1
28291,0.4371,0,medium,0
18483,0.2652,0,low,0
2177,0.1489,0,low,0
33385,0.0714,0,low,0
28743,0.6155,0,medium,1
25201,0.4317,0,medium,0
1137,0.1051,0,low,0
35673,0.4289,0,medium,0
11025,0.1806,0,low,0
25962,0.2182,0,low,1
23250,0.1693,0,low,0
8615,0.2694,0,low,0
19361,0.3582,0,medium,0
31076,0.2499,0,low,0
4095,0.1579,0,low,0
20252,0.2751,0,low,0
12722,0.3612,0,medium,0
4357,0.1427,0,low,0
679,0.1843,0,low,0
29505,0.1623,0,low,0
10229,0.3382,0,medium,0
31922,0.7747,1,high,0
29840,0.4472,0,medium,0
37435,0.8269,1,high,0
23081,0.1198,0,low,0
7728,0.2136,0,low,0
19323,0.3849,0,medium,1
9383,0.21,0,low,0
31940,0.2941,0,low,0
18906,0.0717,0,low,0
37463,0.8193,1,high,1
24211,0.2869,0,low,1
25153,0.0795,0,low,0
31950,0.111,0,low,0
39735,0.8617,1,high,1
1034,0.1448,0,low,0
30507,0.4608,0,medium,0
23084,0.1295,0,low,0
7856,0.2175,0,low,0
16382,0.2681,0,low,0
30658,0.2605,0,low,0
25665,0.3384,0,medium,0
18196,0.1482,0,low,0
27924,0.8759,1,high,0
37617,0.6307,0,medium,0
24295,0.1599,0,low,0
33457,0.4341,0,medium,0
36310,0.8086,1,high,0
8392,0.2093,0,low,0
20950,0.2397,0,low,0
1108,0.1196,0,low,0
23643,0.2982,0,low,0
34454,0.2745,0,low,1
29160,0.4029,0,medium,0
25063,0.2174,0,low,0
39726,0.9616,1,high,1
31256,0.2363,0,low,0
30098,0.0433,0,low,0
29471,0.4213,0,medium,0
22442,0.2517,0,low,0
22849,0.3349,0,medium,0
38679,0.819,1,high,1
10885,0.1078,0,low,0
23727,0.033,0,low,0
10815,0.2853,0,low,0
3901,0.0639,0,low,0
8098,0.1857,0,low,0
3246,0.2106,0,low,0
411,0.1073,0,low,0
27759,0.8975,1,high,1
26644,0.2359,0,low,0
32060,0.4262,0,medium,0
26014,0.1533,0,low,0
3886,0.1846,0,low,0
41158,0.9212,1,high,1
36078,0.5936,0,medium,0
39655,0.9838,1,high,0
30922,0.5671,0,medium,0
5390,0.2429,0,low,0
16676,0.2639,0,low,0
20191,0.3527,0,medium,0
26099,0.1475,0,low,0
26465,0.1507,0,low,1
2610,0.0366,0,low,0
18783,0.0756,0,low,0
16668,0.2868,0,low,0
31448,0.2109,0,low,0
30393,0.8484,1,high,1
4152,0.1127,0,low,1
31655,0.0734,0,low,0
6752,0.1063,0,low,0
19444,0.1801,0,low,0
10916,0.408,0,medium,1
27711,0.8618,1,high,1
20570,0.2642,0,low,0
11680,0.1756,0,low,0
17350,0.4811,0,medium,0
35706,0.264,0,low,0
12740,0.1248,0,low,0
14250,0.1028,0,low,0
9466,0.1965,0,low,0
36375,0.745,1,high,1
14380,0.1325,0,low,0
33811,0.263,0,low,0
38893,0.8966,1,high,1
15249,0.2566,0,low,0
40622,0.3317,0,medium,0
38889,0.724,1,high,1
37975,0.7336,1,high,0
7067,0.1429,0,low,0
6643,0.2719,0,low,0
11051,0.1066,0,low,0
4482,0.1625,0,low,0
26505,0.1953,0,low,0
39433,0.7972,1,high,0
12226,0.0728,0,low,0
31848,0.2706,0,low,0
26549,0.5136,0,medium,0
12211,0.2356,0,low,0
2901,0.2111,0,low,0
499,0.1191,0,low,0
32274,0.3056,0,medium,0
27814,0.931,1,high,0
34638,0.241,0,low,0
15347,0.5577,0,medium,0
35273,0.4823,0,medium,0
1146,0.1205,0,low,0
25469,0.1814,0,low,0
25454,0.2831,0,low,0
6011,0.1553,0,low,0
17413,0.2635,0,low,0
25587,0.1918,0,low,0
29512,0.4724,0,medium,0
21370,0.3402,0,medium,0
12056,0.2335,0,low,0
27219,0.1849,0,low,0
8295,0.0889,0,low,0
27620,0.2091,0,low,0
39547,0.771,1,high,1
14562,0.4652,0,medium,0
39926,0.8829,1,high,0
33279,0.087,0,low,0
37328,0.8976,1,high,0
17016,0.2006,0,low,0
16538,0.1942,0,low,0
21669,0.0228,0,low,0
2095,0.0925,0,low,0
29195,0.4924,0,medium,0
11981,0.1784,0,low,0
7687,0.1969,0,low,0
21480,0.2285,0,low,0
30919,0.0702,0,low,0
20980,0.3136,0,medium,0
40967,0.3934,0,medium,0
26564,0.1065,0,low,0
34242,0.224,0,low,0
24766,0.2952,0,low,0
3861,0.2057,0,low,0
5857,0.2649,0,low,0
10178,0.2128,0,low,0
24222,0.1681,0,low,0
11485,0.0062,0,low,0
14719,0.0708,0,low,0
7265,0.1277,0,low,0
22985,0.1233,0,low,0
5646,0.1633,0,low,0
14762,0.4627,0,medium,0
38042,0.7726,1,high,1
38811,0.8257,1,high,1
29285,0.1079,0,low,0
23033,0.2925,0,low,0
6991,0.2153,0,low,0
161,0.215,0,low,0
14477,0.1648,0,low,1
2453,0.1556,0,low,0
13436,0.0038,0,low,0
6320,0.1319,0,low,0
26132,0.135,0,low,0
40637,0.6465,0,medium,0
31978,0.3283,0,medium,0
2012,0.1753,0,low,0
9329,0.139,0,low,0
8964,0.4449,0,medium,0
22978,0.1459,0,low,0
30782,0.3189,0,medium,0
33131,0.113,0,low,0
20100,0.2767,0,low,0
21634,0.1904,0,low,0
1285,0.1095,0,low,0
22329,0.0988,0,low,0
39041,0.9341,1,high,1
15730,0.2629,0,low,0
24504,0.0506,0,low,0
17863,0.0539,0,low,0
35935,0.6414,0,medium,0
32617,0.1809,0,low,0
7847,0.2181,0,low,0
39272,0.9164,1,high,1
39361,0.6692,1,high,0
35861,0.5975,0,medium,0
10899,0.3637,0,medium,0
26961,0.299,0,low,0
38206,0.6171,0,medium,0
179,0.1524,0,low,0
7986,0.1647,0,low,0
29204,0.143,0,low,0
83,0.0812,0,low,1
15144,0.4149,0,medium,0
14610,0.1432,0,low,0
12964,0.3048,0,medium,0
2296,0.2044,0,low,0
8614,0.1751,0,low,0
1007,0.1137,0,low,0
11824,0.1661,0,low,0
25054,0.1274,0,low,0
2076,0.1753,0,low,0
9170,0.1951,0,low,0
6768,0.3836,0,medium,0
12669,0.3696,0,medium,0
9495,0.1504,0,low,0
26081,0.2989,0,low,0
1569,0.1507,0,low,0
16720,0.1556,0,low,0
14017,0.1564,0,low,0
19051,0.3738,0,medium,0
12853,0.1981,0,low,0
21122,0.2897,0,low,0
33561,0.0814,0,low,0
17759,0.3019,0,medium,0
22907,0.5169,0,medium,0
12406,0.3607,0,medium,0
2790,0.1677,0,low,0
1591,0.1563,0,low,0
5123,0.1386,0,low,0
40131,0.8847,1,high,1
29817,0.4789,0,medium,0
37384,0.723,1,high,0
22099,0.2262,0,low,0
20362,0.3532,0,medium,0
2028,0.1908,0,low,0
11795,0.1191,0,low,0
11653,0.2254,0,low,0
21456,0.1765,0,low,0
18159,0.3034,0,medium,0
16341,0.3164,0,medium,0
4081,0.1271,0,low,0
19740,0.2556,0,low,0
33418,0.3761,0,medium,0
40222,0.2736,0,low,0
10535,0.2469,0,low,0
38516,0.8759,1,high,1
34593,0.4079,0,medium,1
13796,0.2749,0,low,0
8288,0.0792,0,low,0
6906,0.0294,0,low,0
14897,0.464,0,medium,0
12598,0.265,0,low,0
26792,0.2667,0,low,0
19170,0.2206,0,low,0
25943,0.2678,0,low,0
22362,0.2671,0,low,0
4167,0.0765,0,low,1
6555,0.1088,0,low,0
30097,0.6857,1,high,1
13507,0.3392,0,medium,0
2271,0.1697,0,low,0
27964,0.4861,0,medium,0
27675,0.1366,0,low,0
35134,0.3083,0,medium,0
21604,0.1611,0,low,0
27210,0.4677,0,medium,0
14595,0.2892,0,low,0
14618,0.1705,0,low,1
17206,0.3036,0,medium,0
27523,0.2742,0,low,0
32790,0.4081,0,medium,1
12783,0.1483,0,low,0
11177,0.2587,0,low,0
16044,0.068,0,low,0
3284,0.1804,0,low,0
24426,0.14,0,low,0
3742,0.206,0,low,0
2898,0.0836,0,low,0
5662,0.1185,0,low,0
8164,0.1983,0,low,0
7458,0.1107,0,low,0
15999,0.2317,0,low,0
23351,0.5073,0,medium,0
8020,0.1511,0,low,0
27144,0.3437,0,medium,0
34299,0.0982,0,low,0
15147,0.1891,0,low,0
5280,0.1501,0,low,0
13970,0.3886,0,medium,0
26802,0.1425,0,low,0
10421,0.096,0,low,0
36576,0.7942,1,high,0
14843,0.5478,0,medium,0
317,0.1037,0,low,0
41102,0.4276,0,medium,0
19032,0.4286,0,medium,0
32202,0.3133,0,medium,0
25266,0.3021,0,medium,0
28927,0.2039,0,low,0
21733,0.0944,0,low,0
33363,0.3623,0,medium,0
25496,0.1825,0,low,0
4756,0.153,0,low,0
34951,0.2277,0,low,0
7483,0.2587,0,low,0
35972,0.7048,1,high,1
16439,0.3995,0,medium,0
21342,0.2193,0,low,0
29409,0.2377,0,low,0
2810,0.2121,0,low,0
553,0.1235,0,low,0
15341,0.5271,0,medium,0
35268,0.5311,0,medium,0
26929,0.1512,0,low,0
5920,0.2332,0,low,0
40473,0.9905,1,high,1
31294,0.1985,0,low,0
32286,0.3902,0,medium,0
5040,0.0993,0,low,0
4934,0.1098,0,low,0
25053,0.5128,0,medium,0
9304,0.1353,0,low,0
15909,0.1499,0,low,0
32430,0.2982,0,low,0
5633,0.0945,0,low,0
38152,0.6657,1,high,0
20743,0.3129,0,medium,0
8198,0.116,0,low,0
14692,0.2044,0,low,0
1099,0.0585,0,low,0
20590,0.3903,0,medium,0
32750,0.1874,0,low,0
22825,0.4503,0,medium,0
29607,0.0679,0,low,0
37209,0.7967,1,high,1
2029,0.17,0,low,0
8278,0.2453,0,low,0
21719,0.0889,0,low,0
19251,0.1965,0,low,0
10413,0.1018,0,low,0
3922,0.2977,0,low,0
23850,0.2642,0,low,0
11983,0.2911,0,low,0
9847,0.389,0,medium,0
36407,0.7804,1,high,1
14037,0.2535,0,low,0
6062,0.0982,0,low,0
32769,0.3779,0,medium,0
40535,0.1373,0,low,0
7466,0.2181,0,low,0
6662,0.1338,0,low,1
2440,0.09,0,low,0
31595,0.106,0,low,0
38483,0.8762,1,high,1
21474,0.1797,0,low,0
35707,0.5158,0,medium,0
13666,0.1454,0,low,0
28572,0.5661,0,medium,1
35527,0.2595,0,low,0
14211,0.0704,0,low,0
11221,0.1735,0,low,0
9119,0.1365,0,low,0
3131,0.3503,0,medium,0
35232,0.4814,0,medium,0
18537,0.3299,0,medium,0
24674,0.2156,0,low,0
12940,0.3833,0,medium,0
25482,0.3302,0,medium,0
15533,0.2161,0,low,1
21464,0.0954,0,low,0
20555,0.4955,0,medium,0
30630,0.35,0,medium,0
20840,0.2132,0,low,0
21931,0.0308,0,low,1
29850,0.1808,0,low,0
8477,0.2682,0,low,0
9660,0.1219,0,low,0
21032,0.2354,0,low,0
4804,0.1893,0,low,0
28006,0.5662,0,medium,0
34101,0.478,0,medium,0
37769,0.6772,1,high,1
38733,0.8696,1,high,0
27354,0.335,0,medium,0
33401,0.3085,0,medium,0
2306,0.1894,0,low,0
11266,0.1788,0,low,0
2416,0.1355,0,low,0
7555,0.2846,0,low,1
20983,0.3015,0,medium,0
40428,0.8215,1,high,1
36840,0.7476,1,high,0
6670,0.2691,0,low,0
5263,0.1274,0,low,0
12777,0.292,0,low,0
20397,0.1164,0,low,0
27925,0.8401,1,high,1
27201,0.4022,0,medium,0
8048,0.0459,0,low,0
23900,0.3073,0,medium,0
38921,0.8821,1,high,0
8904,0.222,0,low,0
1409,0.0903,0,low,0
11358,0.2018,0,low,0
25128,0.1302,0,low,0
25022,0.3515,0,medium,0
33046,0.2637,0,low,1
17424,0.349,0,medium,0
20587,0.3134,0,medium,0
11555,0.0651,0,low,0
12748,0.2322,0,low,0
34539,0.3478,0,medium,0
31053,0.1802,0,low,1
17900,0.0296,0,low,0
8306,0.2478,0,low,0
9270,0.4029,0,medium,0
1733,0.1251,0,low,0
34091,0.1163,0,low,0
14504,0.3862,0,medium,0
9960,0.1465,0,low,0
13774,0.3202,0,medium,0
41032,0.9547,1,high,1
3167,0.0341,0,low,0
10775,0.2291,0,low,0
23162,0.2875,0,low,0
29730,0.2608,0,low,0
1826,0.1467,0,low,0
35989,0.5339,0,medium,0
32509,0.1057,0,low,0
10127,0.2999,0,low,0
18004,0.2686,0,low,0
37087,0.78,1,high,0
9533,0.1147,0,low,0
17327,0.0939,0,low,0
28499,0.7646,1,high,1
32640,0.1015,0,low,0
582,0.1621,0,low,0
5970,0.1883,0,low,0
9976,0.2722,0,low,0
39544,0.8626,1,high,1
33438,0.3886,0,medium,1
16802,0.3727,0,medium,0
6837,0.0827,0,low,0
3587,0.2905,0,low,0
20995,0.0419,0,low,1
3240,0.1461,0,low,0
13004,0.2566,0,low,0
19408,0.2913,0,low,0
4962,0.1527,0,low,0
22684,0.1833,0,low,0
28031,0.2951,0,low,0
18754,0.0169,0,low,0
3850,0.2023,0,low,0
34214,0.5133,0,medium,0
8729,0.2006,0,low,0
9404,0.2603,0,low,0
632,0.1577,0,low,0
33289,0.3521,0,medium,0
28699,0.2114,0,low,0
22766,0.1906,0,low,0
35761,0.3196,0,medium,0
29930,0.2231,0,low,0
733,0.0514,0,low,0
33085,0.2843,0,low,0
31816,0.3034,0,medium,1
28113,0.1514,0,low,0
14690,0.1606,0,low,1
30882,0.2827,0,low,0
2982,0.1588,0,low,0
15778,0.3112,0,medium,0
28190,0.6603,1,high,0
32015,0.1603,0,low,0
11948,0.2295,0,low,0
25923,0.4544,0,medium,0
11328,0.3266,0,medium,0
27992,0.812,1,high,0
33009,0.1439,0,low,0
25516,0.4319,0,medium,0
16769,0.3094,0,medium,0
37821,0.8023,1,high,0
41138,0.7137,1,high,1
17143,0.2726,0,low,0
22819,0.3667,0,medium,0
29176,0.215,0,low,0
3613,0.2102,0,low,0
40780,0.9804,1,high,1
17711,0.0009,0,low,0
2673,0.0786,0,low,0
26713,0.0556,0,low,0
6709,0.0972,0,low,0
11941,0.1823,0,low,0
19710,0.4367,0,medium,0
36547,0.3334,0,medium,1
960,0.1378,0,low,0
15694,0.2595,0,low,0
31317,0.3336,0,medium,0
1962,0.1458,0,low,0
3894,0.2338,0,low,0
9100,0.1778,0,low,0
36269,0.7763,1,high,1
17252,0.4824,0,medium,0
35489,0.3979,0,medium,0
39501,0.897,1,high,1
29982,0.7798,1,high,0
24443,0.2837,0,low,0
4297,0.1495,0,low,0
5053,0.166,0,low,0
5607,0.1021,0,low,0
28520,0.7574,1,high,1
14825,0.3574,0,medium,0
20608,0.1946,0,low,0
25064,0.2757,0,low,0
37892,0.812,1,high,0
8855,0.212,0,low,0
12351,0.1263,0,low,0
37464,0.7129,1,high,0
3543,0.1812,0,low,0
35161,0.5553,0,medium,0
24857,0.2647,0,low,0
29830,0.2857,0,low,0
1673,0.1033,0,low,0
17954,0.0067,0,low,0
40277,0.9389,1,high,0
19282,0.1597,0,low,0
6957,0.126,0,low,0
7727,0.1727,0,low,1
39390,0.6159,0,medium,1
7139,0.1253,0,low,0
32895,0.0382,0,low,0
6635,0.0978,0,low,0
29633,0.7475,1,high,0
4602,0.1042,0,low,0
18475,0.0447,0,low,0
36509,0.9331,1,high,1
30061,0.7805,1,high,0
36662,0.8228,1,high,1
5042,0.1734,0,low,0
6353,0.1163,0,low,0
40440,0.8482,1,high,1
6111,0.1117,0,low,0
36841,0.6139,0,medium,0
23200,0.3161,0,medium,0
28644,0.1813,0,low,0
12037,0.1521,0,low,0
5612,0.0643,0,low,0
38991,0.8462,1,high,0
14108,0.4022,0,medium,0
31442,0.3067,0,medium,0
18629,0.1106,0,low,0
3753,0.1464,0,low,0
30018,0.8385,1,high,1
41003,0.9576,1,high,1
26590,0.3347,0,medium,1
4689,0.2036,0,low,0
33580,0.1308,0,low,0
37545,0.761,1,high,0
28650,0.1097,0,low,0
14232,0.1131,0,low,0
26167,0.413,0,medium,0
4116,0.2243,0,low,0
3388,0.1904,0,low,0
12934,0.5876,0,medium,0
21438,0.1491,0,low,0
5595,0.2802,0,low,0
21136,0.1655,0,low,0
18182,0.2684,0,low,0
3228,0.0846,0,low,0
13320,0.241,0,low,0
38520,0.5876,0,medium,0
37633,0.8611,1,high,1
11702,0.2885,0,low,0
33910,0.4421,0,medium,0
2845,0.2367,0,low,0
8598,0.5575,0,medium,0
12662,0.2202,0,low,0
801,0.0603,0,low,0
3741,0.2833,0,low,0
23491,0.2177,0,low,0
34763,0.2183,0,low,0
24749,0.1719,0,low,0
10538,0.1378,0,low,0
2528,0.1274,0,low,0
16140,0.2627,0,low,0
33425,0.2893,0,low,1
2058,0.2327,0,low,0
16490,0.351,0,medium,0
7906,0.0898,0,low,0
28814,0.0992,0,low,0
4393,0.1688,0,low,0
17112,0.1877,0,low,0
37409,0.824,1,high,1
12729,0.214,0,low,0
14945,0.2877,0,low,0
36039,0.5467,0,medium,0
6633,0.1174,0,low,0
11512,0.159,0,low,0
12986,0.2699,0,low,0
15224,0.3335,0,medium,0
22908,0.1074,0,low,0
36701,0.6111,0,medium,0
16672,0.1581,0,low,0
33912,0.536,0,medium,0
7102,0.1121,0,low,0
6534,0.0033,0,low,0
33464,0.2914,0,low,0
19793,0.3234,0,medium,0
22786,0.2188,0,low,1
36860,0.5009,0,medium,0
39912,0.896,1,high,1
40802,0.8207,1,high,0
4871,0.3439,0,medium,0
31078,0.2846,0,low,0
29318,0.2819,0,low,0
20112,0.1869,0,low,0
510,0.0978,0,low,0
5959,0.1338,0,low,0
1,0.0747,0,low,0
28150,0.3274,0,medium,0
18073,0.0024,0,low,0
9750,0.0523,0,low,0
22496,0.2449,0,low,0
32064,0.2817,0,low,0
40836,0.8383,1,high,0
19973,0.2633,0,low,0
27421,0.3261,0,medium,0
36423,0.8499,1,high,1
30883,0.1934,0,low,0
33210,0.2146,0,low,0
23872,0.1753,0,low,0
1219,0.1593,0,low,0
9410,0.2528,0,low,0
39449,0.8539,1,high,1
20606,0.1697,0,low,0
18248,0.3788,0,medium,0
21670,0.1312,0,low,0
7453,0.227,0,low,0
1141,0.0993,0,low,0
30460,0.2585,0,low,0
24306,0.1582,0,low,0
37637,0.7338,1,high,1
19413,0.1753,0,low,0
30006,0.7143,1,high,1
4261,0.1836,0,low,0
12208,0.0847,0,low,0
17268,0.3467,0,medium,0
14116,0.2472,0,low,0
9834,0.2513,0,low,0
19140,0.2001,0,low,0
37558,0.8723,1,high,0
6030,0.1717,0,low,0
26735,0.3157,0,medium,0
33705,0.2623,0,low,0
32659,0.1598,0,low,0
4903,0.2338,0,low,0
17303,0.4289,0,medium,0
20177,0.3031,0,medium,0
3217,0.2653,0,low,0
24034,0.8955,1,high,0
1924,0.197,0,low,0
21854,0.1178,0,low,0
19534,0.2052,0,low,0
7652,0.2213,0,low,1
23661,0.1222,0,low,0
27055,0.3329,0,medium,0
1916,0.1469,0,low,0
20206,0.3981,0,medium,0
28442,0.7799,1,high,0
40572,0.2532,0,low,0
8562,0.2666,0,low,0
31699,0.201,0,low,0
18607,0.0358,0,low,0
12716,0.3211,0,medium,0
5621,0.1801,0,low,0
12482,0.3014,0,medium,0
16570,0.2773,0,low,0
13716,0.2198,0,low,0
28067,0.369,0,medium,0
37112,0.6205,0,medium,1
36696,0.788,1,high,0
17177,0.3999,0,medium,0
5597,0.1121,0,low,0
19151,0.3511,0,medium,0
24461,0.2534,0,low,0
21362,0.2174,0,low,0
40712,0.3542,0,medium,0
24240,0.134,0,low,0
31072,0.7398,1,high,1
35794,0.3671,0,medium,0
40434,0.945,1,high,0
40187,0.6289,0,medium,0
14328,0.3171,0,medium,0
19400,0.3938,0,medium,1
294,0.1201,0,low,0
9501,0.1731,0,low,0
9605,0.0696,0,low,0
30659,0.2767,0,low,0
22344,0.3123,0,medium,0
40561,0.6646,1,high,1
26502,0.1284,0,low,0
36702,0.8482,1,high,1
19943,0.2491,0,low,0
38363,0.8227,1,high,0
12098,0.2783,0,low,0
24813,0.4075,0,medium,0
9080,0.3221,0,medium,0
31272,0.4474,0,medium,0
2041,0.0923,0,low,0
10631,0.2094,0,low,0
20158,0.2117,0,low,0
20378,0.2944,0,low,0
23261,0.267,0,low,0
39644,0.989,1,high,1
22890,0.3857,0,medium,0
17897,0.0115,0,low,0
37762,0.7166,1,high,1
31117,0.5134,0,medium,0
30360,0.5703,0,medium,1
11409,0.2199,0,low,0
9493,0.1337,0,low,0
26705,0.2816,0,low,0
34506,0.5085,0,medium,1
12555,0.3209,0,medium,0
1008,0.084,0,low,0
12632,0.1769,0,low,0
9252,0.2538,0,low,0
23871,0.2228,0,low,0
16086,0.4429,0,medium,0
16217,0.0905,0,low,0
37563,0.7433,1,high,0
18023,0.335,0,medium,0
13560,0.2266,0,low,0
27722,0.8016,1,high,0
12810,0.2311,0,low,0
5750,0.1034,0,low,0
17328,0.1971,0,low,0
24910,0.188,0,low,0
10724,0.0901,0,low,0
3771,0.3564,0,medium,0
23827,0.2913,0,low,0
24530,0.2719,0,low,0
6955,0.234,0,low,0
17725,0.278,0,low,0
20773,0.1098,0,low,1
17644,0.3631,0,medium,0
12954,0.237,0,low,0
33227,0.1963,0,low,0
35515,0.3971,0,medium,0
35931,0.6779,1,high,1
16177,0.2689,0,low,0
38747,0.6474,0,medium,1
15932,0.2748,0,low,0
27255,0.1867,0,low,0
25552,0.3657,0,medium,0
31821,0.2586,0,low,0
60,0.1309,0,low,0
19928,0.4905,0,medium,0
9048,0.0334,0,low,0
14406,0.4248,0,medium,0
14935,0.3561,0,medium,0
889,0.277,0,low,0
8343,0.2337,0,low,0
18886,0.2206,0,low,0
18041,0.2418,0,low,1
16980,0.3069,0,medium,0
535,0.1396,0,low,0
10225,0.1816,0,low,0
13201,0.3233,0,medium,0
29953,0.3137,0,medium,0
3159,0.1605,0,low,0
23971,0.189,0,low,0
34826,0.3322,0,medium,0
10298,0.1717,0,low,0
27986,0.4113,0,medium,0
4900,0.176,0,low,0
19923,0.1332,0,low,0
24510,0.1576,0,low,0
16105,0.2988,0,low,0
27360,0.2815,0,low,0
24733,0.2049,0,low,0
2427,0.1286,0,low,0
32352,0.0665,0,low,0
21684,0.1552,0,low,0
19379,0.1959,0,low,0
33152,0.4728,0,medium,1
30287,0.8098,1,high,0
20418,0.3659,0,medium,0
29234,0.1752,0,low,0
1969,0.1689,0,low,0
18690,0.008,0,low,0
5843,0.2008,0,low,0
7449,0.2312,0,low,0
209,0.1734,0,low,0
26639,0.3099,0,medium,0
12635,0.2283,0,low,0
40976,0.9295,1,high,1
37529,0.7918,1,high,1
13741,0.542,0,medium,0
8796,0.1951,0,low,0
13854,0.3948,0,medium,0
18626,0.3704,0,medium,0
7725,0.0201,0,low,1
2549,0.1636,0,low,0
20649,0.3054,0,medium,0
38346,0.8122,1,high,0
30410,0.674,1,high,0
35106,0.2367,0,low,1
16021,0.3644,0,medium,0
36544,0.7945,1,high,0
34430,0.4173,0,medium,1
16988,0.2407,0,low,0
2278,0.0891,0,low,0
24859,0.1713,0,low,0
255,0.1273,0,low,0
25648,0.5043,0,medium,0
1026,0.1417,0,low,0
38544,0.879,1,high,0
38283,0.9443,1,high,1
21836,0.255,0,low,1
7445,0.2131,0,low,1
19117,0.1534,0,low,0
2142,0.1514,0,low,0
8978,0.269,0,low,0
11158,0.1485,0,low,0
9035,0.3787,0,medium,0
6822,0.085,0,low,0
25116,0.1341,0,low,0
29369,0.1238,0,low,0
38148,0.9007,1,high,1
3360,0.0842,0,low,0
18845,0.0244,0,low,1
32974,0.3104,0,medium,0
20205,0.3465,0,medium,0
19311,0.4094,0,medium,0
38773,0.8131,1,high,1
13311,0.5474,0,medium,0
39000,0.7269,1,high,1
9749,0.1312,0,low,0
10435,0.3347,0,medium,0
13921,0.4165,0,medium,0
14344,0.4749,0,medium,0
18716,0.0012,0,low,0
35181,0.5172,0,medium,1
36874,0.7818,1,high,0
31048,0.3914,0,medium,0
6205,0.2101,0,low,0
32742,0.316,0,medium,0
40247,0.9101,1,high,1
6335,0.1069,0,low,0
32932,0.1018,0,low,0
38532,0.686,1,high,0
9397,0.2611,0,low,0
18108,0.2217,0,low,0
2940,0.247,0,low,0
35142,0.6273,0,medium,0
20123,0.2644,0,low,0
37664,0.6933,1,high,1
10890,0.4218,0,medium,0
22899,0.1882,0,low,0
29635,0.3836,0,medium,0
34063,0.3772,0,medium,0
34062,0.1429,0,low,0
11110,0.2011,0,low,0
23940,0.0999,0,low,0
6672,0.1463,0,low,0
33278,0.2353,0,low,0
35933,0.4484,0,medium,1
38480,0.7963,1,high,1
14025,0.4023,0,medium,0
33007,0.2325,0,low,0
22884,0.4659,0,medium,0
23910,0.0632,0,low,0
31244,0.3521,0,medium,0
13727,0.3193,0,medium,1
6554,0.156,0,low,0
3747,0.3093,0,medium,0
24347,0.3781,0,medium,0
17373,0.3212,0,medium,0
14083,0.362,0,medium,0
1190,0.0875,0,low,0
31872,0.202,0,low,0
36482,0.5464,0,medium,0
14505,0.4071,0,medium,0
24459,0.1539,0,low,0
31854,0.3927,0,medium,0
37154,0.8703,1,high,1
21394,0.1872,0,low,0
244,0.1184,0,low,0
26685,0.2545,0,low,0
8533,0.3347,0,medium,0
12110,0.19,0,low,0
23283,0.3241,0,medium,0
24479,0.1463,0,low,0
26940,0.1944,0,low,0
37298,0.8186,1,high,0
30791,0.5482,0,medium,0
21618,0.2019,0,low,0
36226,0.7532,1,high,0
23775,0.2158,0,low,0
23087,0.2836,0,low,0
11327,0.1033,0,low,0
21986,0.3096,0,medium,0
21326,0.3144,0,medium,0
21148,0.3051,0,medium,0
14024,0.1715,0,low,0
19633,0.0758,0,low,0
9528,0.1289,0,low,0
9665,0.2346,0,low,0
24066,0.4157,0,medium,0
5474,0.1633,0,low,0
36405,0.7953,1,high,0
6309,0.1248,0,low,0
26092,0.1908,0,low,0
36844,0.8676,1,high,0
19818,0.3964,0,medium,0
6838,0.1284,0,low,0
676,0.0704,0,low,0
14052,0.4777,0,medium,0
26807,0.3576,0,medium,0
22249,0.3174,0,medium,0
31042,0.3878,0,medium,0
769,0.1869,0,low,0
5664,0.0837,0,low,0
28349,0.0726,0,low,0
11134,0.1536,0,low,0
2077,0.1311,0,low,0
3477,0.2157,0,low,0
15690,0.328,0,medium,0
27453,0.214,0,low,0
26066,0.257,0,low,0
22555,0.3409,0,medium,0
15859,0.336,0,medium,0
25190,0.2728,0,low,0
29523,0.753,1,high,1
31795,0.3079,0,medium,0
31361,0.2186,0,low,0
39128,0.7052,1,high,0
21985,0.2493,0,low,0
27936,0.8812,1,high,0
24793,0.245,0,low,0
942,0.06,0,low,0
18059,0.2356,0,low,0
33928,0.3788,0,medium,0
9782,0.0532,0,low,0
30216,0.8371,1,high,0
34053,0.2072,0,low,0
15880,0.3458,0,medium,0
20680,0.3352,0,medium,0
33517,0.4691,0,medium,0
29804,0.4524,0,medium,0
17284,0.0434,0,low,1
23030,0.2579,0,low,0
23314,0.199,0,low,0
18547,0.147,0,low,0
40632,0.103,0,low,0
33117,0.1391,0,low,0
25139,0.3011,0,medium,0
15317,0.2823,0,low,1
33176,0.2117,0,low,0
23793,0.2576,0,low,0
25235,0.1892,0,low,0
40475,0.9503,1,high,1
22203,0.2137,0,low,0
33444,0.2782,0,low,0
25107,0.3193,0,medium,0
20621,0.2287,0,low,1
6331,0.1622,0,low,0
29767,0.7241,1,high,1
3445,0.1024,0,low,0
2030,0.1009,0,low,0
6264,0.1943,0,low,0
27482,0.4165,0,medium,0
8609,0.5906,0,medium,0
29704,0.6788,1,high,0
16627,0.3202,0,medium,1
24700,0.2536,0,low,0
33092,0.1875,0,low,0
39586,0.9001,1,high,1
26949,0.4219,0,medium,0
30232,0.9075,1,high,0
15129,0.462,0,medium,0
17748,0.13,0,low,0
17524,0.4157,0,medium,0
31674,0.2795,0,low,0
29210,0.7645,1,high,1
232,0.0889,0,low,0
1663,0.0826,0,low,0
18855,0.0237,0,low,0
2954,0.1305,0,low,0
33359,0.3448,0,medium,1
34998,0.584,0,medium,0
39861,0.5321,0,medium,0
3920,0.0951,0,low,0
33395,0.0778,0,low,0
